[Licensing::Module] Trying to connect to existing licensing client channel...
Built from '6000.4/staging' branch; Version is '6000.4.4f1 (360f97ecca93) revision 3542935'; Using compiler version '194234433'; Build Type 'Release'
OS: 'Windows 11  (10.0.26200) Professional' Language: 'en' Physical Memory: 7872 MB
BatchMode: 1, IsHumanControllingUs: 0, StartBugReporterOnCrash: 0, Is64bit: 1
System  architecture: x64
Process architecture: x64
[Licensing::IpcConnector] Channel LicenseClient-HP doesn't exist
Date: 2026-10-06T05:30:11Z
[Licensing::Module] Successfully launched the LicensingClient (PId: 24488)

COMMAND LINE ARGUMENTS:
C:\Program Files\Unity\Hub\Editor\6000.4.4f1\Editor\Unity.exe
-batchmode
-quit
-createProject
c:\GDD
-logFile
c:\GDD\unity_create.log
C:/GDD
[UnityMemory] Configuration Parameters - Can be set up in boot.config
    "memorysetup-temp-allocator-size-gi-baking-worker=262144"
    "memorysetup-temp-allocator-size-gi-baking-worker=262144"
    "memorysetup-temp-allocator-size-gi-baking-worker=262144"
    "memorysetup-temp-allocator-size-gi-baking-worker=262144"
    "memorysetup-temp-allocator-size-gi-baking-worker=262144"
    "memorysetup-temp-allocator-size-nav-mesh-worker=65536"
    "memorysetup-temp-allocator-size-audio-worker=65536"
    "memorysetup-temp-allocator-size-cloud-worker=32768"
    "memorysetup-temp-allocator-size-gfx=262144"
    "memorysetup-temp-allocator-size-preload-manager=33554432"
    "memorysetup-temp-allocator-size-job-worker=262144"
    "memorysetup-temp-allocator-size-background-worker=32768"
    "memorysetup-allocator-temp-initial-block-size-main=262144"
    "memorysetup-allocator-temp-initial-block-size-worker=262144"
    "memorysetup-bucket-allocator-granularity=16"
    "memorysetup-bucket-allocator-bucket-count=8"
    "memorysetup-bucket-allocator-block-size=33554432"
    "memorysetup-bucket-allocator-block-count=8"
    "memorysetup-main-allocator-block-size=16777216"
    "memorysetup-thread-allocator-block-size=16777216"
    "memorysetup-gfx-main-allocator-block-size=16777216"
    "memorysetup-gfx-thread-allocator-block-size=16777216"
    "memorysetup-cache-allocator-block-size=4194304"
    "memorysetup-typetree-allocator-block-size=2097152"
    "memorysetup-profiler-bucket-allocator-granularity=16"
    "memorysetup-profiler-bucket-allocator-bucket-count=8"
    "memorysetup-profiler-bucket-allocator-block-size=33554432"
    "memorysetup-profiler-bucket-allocator-block-count=8"
    "memorysetup-profiler-allocator-block-size=16777216"
    "memorysetup-profiler-editor-allocator-block-size=1048576"
    "memorysetup-temp-allocator-size-main=16777216"
    "memorysetup-job-temp-allocator-block-size=2097152"
    "memorysetup-job-temp-allocator-block-size-background=1048576"
    "memorysetup-job-temp-allocator-reduction-small-platforms=262144"
Player connection [12816]  Target information:

Player connection [12816]  * "[IP] 10.33.118.253 [Port] 55504 [Flags] 2 [Guid] 3162979600 [EditorId] 3162979600 [Version] 1048832 [Id] WindowsEditor(7,KISHOR) [Debug] 1 [PackageName] WindowsEditor [ProjectName] Editor" 

Player connection [12816] Host joined multi-casting on [225.0.0.222:54997]...
Player connection [12816] Host joined alternative multi-casting on [225.0.0.222:34997]...
Input System module state changed to: Initialized.
[Physics::Module] Initialized fallback backend.
[Physics::Module] Id: 0xdecafbad
[Package Manager] Connected to IPC stream "Upm-12880" after 0.4 seconds.
[Licensing::Module] Licensing is not yet initialized.
[Licensing::IpcConnector] Successfully connected to: "LicenseClient-HP" at "2026-10-06T05:30:26.2437689Z"
[Licensing::Client] Handshaking with LicensingClient:
  Version:                 1.18.1+9fbee8e
  Session Id:              02ef3122b8e84e9fa54f18f149cf767e
  Correlation Id:          d745f3c795e1234836c6335d45edda3f
  External correlation Id: 4735628275343663410
  Machine Id:              OKP12rEqxb5R1P41zHEmaox3No0=
[Licensing::Module] Successfully connected to LicensingClient on channel: "LicenseClient-HP" (connect: 14.77s, validation: 0.83s, handshake: 4.31s)
[Licensing::IpcConnector] Successfully connected to: "LicenseClient-HP-notifications" at "2026-10-06T05:30:31.3807796Z"
[Licensing::Module] Connected to LicensingClient (PId: 24488, launch time: 0.15, total connection time: 19.91s)
[Licensing::Module] Error: Access token is unavailable; failed to update
[Licensing::Client] Successfully resolved entitlement details
[Licensing::Module] License group:
  Id: 13469901316533-UnityPersXXXX
  Product: Unity Personal
  Type: Assigned
  Expiration: Unlimited
[Licensing::Client] Successfully updated license, isAsync: True, time: 0.02
[Licensing::Client] Successfully resolved entitlement details
[Licensing::Module] Licensing Background thread has ended after 20.12s
[Licensing::Module] Licensing is initialized (took 15.05s).
[Licensing::Client] Successfully resolved entitlement details
Library Redirect Path: Library/
[Physics::Module] Selected backend.
[Physics::Module] Name: PhysX
[Physics::Module] Id: 0xf2b8ea05
[Physics::Module] SDK Version: 4.1.2
[Physics::Module] Integration Version: 1.0.0
[Physics::Module] Threading Mode: Multi-Threaded
Initialize engine version: 6000.4.4f1 (360f97ecca93)
[Subsystems] Discovering subsystems at path C:/Program Files/Unity/Hub/Editor/6000.4.4f1/Editor/Data/Resources/UnitySubsystems
[Subsystems] Discovering subsystems at path C:/GDD/Assets
GfxDevice: creating device client; kGfxThreadingModeNonThreaded
Direct3D:
    Version:  Direct3D 11.0 [level 11.1]
    Renderer: Intel(R) Iris(R) Xe Graphics (ID=0x9a49)
    Vendor:   Intel
    VRAM:     3936 MB
    Driver:   32.0.101.7088
Initialize mono
Mono path[0] = 'C:/Program Files/Unity/Hub/Editor/6000.4.4f1/Editor/Data/Managed'
Mono path[1] = 'C:/Program Files/Unity/Hub/Editor/6000.4.4f1/Editor/Data/MonoBleedingEdge/lib/mono/unityjit-win32'
Mono config path = 'C:/Program Files/Unity/Hub/Editor/6000.4.4f1/Editor/Data/MonoBleedingEdge/etc'
Using monoOptions --debugger-agent=transport=dt_socket,embedding=1,server=y,suspend=n,address=127.0.0.1:56880
CodeReloadManager initialized
Using cacheserver namespaces - metadata:defaultmetadata, artifacts:defaultartifacts
Using cacheserver namespaces - metadata:defaultmetadata, artifacts:defaultartifacts
ImportWorker Server TCP listen port: 0
AcceleratorClientConnectionCallback - disconnected - :0
Begin MonoManager ReloadAssembly
Registering precompiled unity dll's ...
Register platform support module: C:/Program Files/Unity/Hub/Editor/6000.4.4f1/Editor/Data/PlaybackEngines/WindowsStandaloneSupport/UnityEditor.WindowsStandalone.Extensions.dll
Registered in 0.010003 seconds.
Native extension for WindowsStandalone target not found
Package Manager log level set to [2]
ScheduleIndexationOnStartup MainProcess:False IndexOnStartup:False
Mono: successfully reloaded assembly
- Finished resetting the current domain, in  1.152 seconds
Domain Reload Profiling: 2484ms
	BeginReloadAssembly (381ms)
		CreateAndSetChildDomain (9ms)
	RebuildCommonClasses (118ms)
	RebuildNativeTypeToScriptingClass (33ms)
	initialDomainReloadingComplete (244ms)
	LoadAllAssembliesAndSetupDomain (550ms)
		LoadAssemblies (367ms)
		AnalyzeDomain (525ms)
			TypeCache.Refresh (521ms)
				TypeCache.ScanAssembly (483ms)
	FinalizeReload (1158ms)
		SetupLoadedEditorAssemblies (0ms)
			InitializePlatformSupportModulesInManaged (146ms)
			BeforeProcessingInitializeOnLoad (265ms)
			ProcessInitializeOnLoadAttributes (293ms)
			ProcessInitializeOnLoadMethodAttributes (251ms)
[Licensing::Client] Successfully resolved entitlement details
Application.AssetDatabase Initial Refresh Start
[Package Manager] The file [C:\GDD\Packages\manifest.json] cannot be found
[Package Manager] Done resolving packages in 2.90 seconds
[Licensing::Client] Successfully resolved entitlement details
[Package Manager] Lock file was modified
[Package Manager] Registered 37 packages:
  Built-in packages:
    com.unity.multiplayer.center@1.0.1 (location: C:\GDD\Library\PackageCache\com.unity.multiplayer.center@f01f4ba8d00a)
    com.unity.modules.accessibility@1.0.0 (location: C:\GDD\Library\PackageCache\com.unity.modules.accessibility)
    com.unity.modules.adaptiveperformance@1.0.0 (location: C:\GDD\Library\PackageCache\com.unity.modules.adaptiveperformance)
    com.unity.modules.ai@1.0.0 (location: C:\GDD\Library\PackageCache\com.unity.modules.ai)
    com.unity.modules.androidjni@1.0.0 (location: C:\GDD\Library\PackageCache\com.unity.modules.androidjni)
    com.unity.modules.animation@1.0.0 (location: C:\GDD\Library\PackageCache\com.unity.modules.animation)
    com.unity.modules.assetbundle@1.0.0 (location: C:\GDD\Library\PackageCache\com.unity.modules.assetbundle)
    com.unity.modules.audio@1.0.0 (location: C:\GDD\Library\PackageCache\com.unity.modules.audio)
    com.unity.modules.cloth@1.0.0 (location: C:\GDD\Library\PackageCache\com.unity.modules.cloth)
    com.unity.modules.director@1.0.0 (location: C:\GDD\Library\PackageCache\com.unity.modules.director)
    com.unity.modules.imageconversion@1.0.0 (location: C:\GDD\Library\PackageCache\com.unity.modules.imageconversion)
    com.unity.modules.imgui@1.0.0 (location: C:\GDD\Library\PackageCache\com.unity.modules.imgui)
    com.unity.modules.jsonserialize@1.0.0 (location: C:\GDD\Library\PackageCache\com.unity.modules.jsonserialize)
    com.unity.modules.particlesystem@1.0.0 (location: C:\GDD\Library\PackageCache\com.unity.modules.particlesystem)
    com.unity.modules.physics@1.0.0 (location: C:\GDD\Library\PackageCache\com.unity.modules.physics)
    com.unity.modules.physics2d@1.0.0 (location: C:\GDD\Library\PackageCache\com.unity.modules.physics2d)
    com.unity.modules.screencapture@1.0.0 (location: C:\GDD\Library\PackageCache\com.unity.modules.screencapture)
    com.unity.modules.terrain@1.0.0 (location: C:\GDD\Library\PackageCache\com.unity.modules.terrain)
    com.unity.modules.terrainphysics@1.0.0 (location: C:\GDD\Library\PackageCache\com.unity.modules.terrainphysics)
    com.unity.modules.tilemap@1.0.0 (location: C:\GDD\Library\PackageCache\com.unity.modules.tilemap)
    com.unity.modules.ui@1.0.0 (location: C:\GDD\Library\PackageCache\com.unity.modules.ui)
    com.unity.modules.uielements@1.0.0 (location: C:\GDD\Library\PackageCache\com.unity.modules.uielements)
    com.unity.modules.umbra@1.0.0 (location: C:\GDD\Library\PackageCache\com.unity.modules.umbra)
    com.unity.modules.unityanalytics@1.0.0 (location: C:\GDD\Library\PackageCache\com.unity.modules.unityanalytics)
    com.unity.modules.unitywebrequest@1.0.0 (location: C:\GDD\Library\PackageCache\com.unity.modules.unitywebrequest)
    com.unity.modules.unitywebrequestassetbundle@1.0.0 (location: C:\GDD\Library\PackageCache\com.unity.modules.unitywebrequestassetbundle)
    com.unity.modules.unitywebrequestaudio@1.0.0 (location: C:\GDD\Library\PackageCache\com.unity.modules.unitywebrequestaudio)
    com.unity.modules.unitywebrequesttexture@1.0.0 (location: C:\GDD\Library\PackageCache\com.unity.modules.unitywebrequesttexture)
    com.unity.modules.unitywebrequestwww@1.0.0 (location: C:\GDD\Library\PackageCache\com.unity.modules.unitywebrequestwww)
    com.unity.modules.vectorgraphics@1.0.0 (location: C:\GDD\Library\PackageCache\com.unity.modules.vectorgraphics)
    com.unity.modules.vehicles@1.0.0 (location: C:\GDD\Library\PackageCache\com.unity.modules.vehicles)
    com.unity.modules.video@1.0.0 (location: C:\GDD\Library\PackageCache\com.unity.modules.video)
    com.unity.modules.vr@1.0.0 (location: C:\GDD\Library\PackageCache\com.unity.modules.vr)
    com.unity.modules.wind@1.0.0 (location: C:\GDD\Library\PackageCache\com.unity.modules.wind)
    com.unity.modules.xr@1.0.0 (location: C:\GDD\Library\PackageCache\com.unity.modules.xr)
    com.unity.modules.subsystems@1.0.0 (location: C:\GDD\Library\PackageCache\com.unity.modules.subsystems)
    com.unity.modules.hierarchycore@1.0.0 (location: C:\GDD\Library\PackageCache\com.unity.modules.hierarchycore)
[Subsystems] No new subsystems found in resolved package list.
[Package Manager] Done registering packages in 0.01 seconds
[ScriptCompilation] Requested script compilation because: Assembly Definition File(s) changed
[ScriptCompilation] Requested script compilation because: AssetDatabase observed changes in script compilation related files
Starting: C:\Program Files\Unity\Hub\Editor\6000.4.4f1\Editor\Data\Tools\BuildPipeline\bee_backend.exe --ipc --defer-dag-verification --dagfile="Library/Bee/1900b0aE.dag" --continue-on-failure --profile="Library/Bee/backend1.traceevents" ScriptAssemblies
WorkingDir: C:/GDD
ExitCode: 4 Duration: 0s236ms
[             ] Require frontend run.  Library/Bee/1900b0aE.dag couldn't be loaded
DisplayProgressbar: Compiling Scripts
Starting: C:\Program Files\Unity\Hub\Editor\6000.4.4f1\Editor\Data\netcorerun\netcorerun.exe "C:\Program Files\Unity\Hub\Editor\6000.4.4f1\Editor\Data\Tools\BuildPipeline\ScriptCompilationBuildProgram.exe" "Library/Bee/1900b0aE.dag.json" "Library/Bee/1900b0aE-inputdata.json" "Library\Bee\buildprogram0.traceevents"
WorkingDir: C:/GDD
ExitCode: 0 Duration: 13s
Starting: C:\Program Files\Unity\Hub\Editor\6000.4.4f1\Editor\Data\Tools\BuildPipeline\bee_backend.exe --ipc --defer-dag-verification --dagfile="Library/Bee/1900b0aE.dag" --continue-on-failure --dagfilejson="Library\Bee\1900b0aE.dag.json" --profile="Library/Bee/backend2.traceevents" ScriptAssemblies
WorkingDir: C:/GDD
ExitCode: 0 Duration: 14s
Finished compiling graph: 162 nodes, 618 flattened edges (606 ToBuild, 4 ToUse), maximum node priority 24
[  1/159    0s] MovedFromExtractor Library/Bee/artifacts/mvdfrm/UnityEditor.AccessibilityModule.dll_1F39DCA1AAF0F65D.mvfrm
[  2/159    0s] MovedFromExtractor Library/Bee/artifacts/mvdfrm/UnityEditor.AssetComplianceModule.dll_1F4B5030B8BDEBAA.mvfrm
[  3/159    0s] MovedFromExtractor Library/Bee/artifacts/mvdfrm/UnityEditor.CoreBusinessMetricsModule.dll_997C19171854F903.mvfrm
[  4/159    0s] WriteText Library/Bee/artifacts/1900b0aE.dag/Unity.Multiplayer.Center.Common.rsp2
[  5/159    0s] WriteText Library/Bee/artifacts/1900b0aE.dag/Unity.Multiplayer.Center.Common.UnityAdditionalFile.txt
[  6/159    0s] MovedFromExtractor Library/Bee/artifacts/mvdfrm/UnityEngine.VectorGraphicsModule.dll_4BFECB383D5BDD7E.mvfrm
[  7/159    0s] MovedFromExtractor Library/Bee/artifacts/mvdfrm/UnityEditor.BuildProfileModule.dll_F52F9275B9B12520.mvfrm
[  8/159    1s] MovedFromExtractor Library/Bee/artifacts/mvdfrm/UnityEditor.AdaptivePerformanceModule.dll_19911F9CF20DCA09.mvfrm
[  9/159    1s] MovedFromExtractor Library/Bee/artifacts/mvdfrm/UnityEditor.ClothModule.dll_F1F8843706440CD9.mvfrm
[ 10/159    1s] MovedFromExtractor Library/Bee/artifacts/mvdfrm/UnityEditor.CoreModule.dll_4A36FEBCAB679984.mvfrm
[ 11/159    0s] MovedFromExtractor Library/Bee/artifacts/mvdfrm/UnityEngine.WindModule.dll_E3A6AD37E4A38318.mvfrm
[ 12/159    0s] MovedFromExtractor Library/Bee/artifacts/mvdfrm/UnityEngine.XRModule.dll_235638739FC337DA.mvfrm
[ 13/159    0s] MovedFromExtractor Library/Bee/artifacts/mvdfrm/UnityEditor.WindowsStandalone.Extensions.dll_9153C26BB604D45C.mvfrm
[ 14/159    0s] MovedFromExtractor Library/Bee/artifacts/mvdfrm/UnityEngine.dll_1823241916D7E5B6.mvfrm
[ 15/159    0s] MovedFromExtractor Library/Bee/artifacts/mvdfrm/Unity.Scripting.dll_56A10E7C772F8ABD.mvfrm
[ 16/159    0s] MovedFromExtractor Library/Bee/artifacts/mvdfrm/UnityEngine.VideoModule.dll_7646680B20367A3F.mvfrm
[ 17/159    0s] MovedFromExtractor Library/Bee/artifacts/mvdfrm/UnityEngine.VirtualTexturingModule.dll_AEEF69F1F22D3A8D.mvfrm
[ 18/159    0s] MovedFromExtractor Library/Bee/artifacts/mvdfrm/UnityEngine.VehiclesModule.dll_E88ACDEEB7F75627.mvfrm
[ 19/159    0s] MovedFromExtractor Library/Bee/artifacts/mvdfrm/UnityEngine.TextCoreTextEngineModule.dll_61D36BF3C3135E6B.mvfrm
[ 20/159    0s] MovedFromExtractor Library/Bee/artifacts/mvdfrm/UnityEngine.VRModule.dll_F097756F1688EA7C.mvfrm
[ 21/159    0s] MovedFromExtractor Library/Bee/artifacts/mvdfrm/UnityEngine.VFXModule.dll_09E581596DEA582C.mvfrm
[ 22/159    0s] MovedFromExtractor Library/Bee/artifacts/mvdfrm/UnityEngine.UnityWebRequestTextureModule.dll_5AA4C2758575A59B.mvfrm
[ 23/159    0s] MovedFromExtractor Library/Bee/artifacts/mvdfrm/UnityEngine.UnityWebRequestWWWModule.dll_2C95B14FB2D31AD7.mvfrm
[ 24/159    0s] MovedFromExtractor Library/Bee/artifacts/mvdfrm/UnityEngine.UnityWebRequestModule.dll_69AE080E3AD66774.mvfrm
[ 25/159    0s] MovedFromExtractor Library/Bee/artifacts/mvdfrm/UnityEngine.UnityWebRequestAudioModule.dll_DD1B985E46B1D306.mvfrm
[ 26/159    0s] MovedFromExtractor Library/Bee/artifacts/mvdfrm/UnityEngine.UnityWebRequestAssetBundleModule.dll_7E460FCBA03ED8C2.mvfrm
[ 27/159    0s] MovedFromExtractor Library/Bee/artifacts/mvdfrm/UnityEngine.UnityCurlModule.dll_8E2536AC5CAD1995.mvfrm
[ 28/159    0s] MovedFromExtractor Library/Bee/artifacts/mvdfrm/UnityEngine.UnityConnectModule.dll_DDC923FAD91D0AE5.mvfrm
[ 29/159    0s] MovedFromExtractor Library/Bee/artifacts/mvdfrm/UnityEngine.UnityConsentModule.dll_AF6EBB26E627A135.mvfrm
[ 30/159    0s] MovedFromExtractor Library/Bee/artifacts/mvdfrm/UnityEngine.UnityAnalyticsModule.dll_D45705CD577CB931.mvfrm
[ 31/159    0s] MovedFromExtractor Library/Bee/artifacts/mvdfrm/UnityEngine.UmbraModule.dll_CC118FB8EACB0A0D.mvfrm
[ 32/159    0s] MovedFromExtractor Library/Bee/artifacts/mvdfrm/UnityEngine.UIModule.dll_9DC54EE974CE6504.mvfrm
[ 33/159    0s] MovedFromExtractor Library/Bee/artifacts/mvdfrm/UnityEngine.UnityAnalyticsCommonModule.dll_005E01C3DA2FA6CC.mvfrm
[ 34/159    0s] MovedFromExtractor Library/Bee/artifacts/mvdfrm/UnityEngine.UIElementsModule.dll_CDFB172162A27B8B.mvfrm
[ 35/159    0s] MovedFromExtractor Library/Bee/artifacts/mvdfrm/UnityEngine.TilemapModule.dll_CD409E729C926AA2.mvfrm
[ 36/159    0s] MovedFromExtractor Library/Bee/artifacts/mvdfrm/UnityEngine.TextRenderingModule.dll_4EB97794EEC88663.mvfrm
[ 37/159    0s] MovedFromExtractor Library/Bee/artifacts/mvdfrm/UnityEditor.Graphs.dll_9A743505AFF39FB6.mvfrm
[ 38/159    0s] MovedFromExtractor Library/Bee/artifacts/mvdfrm/UnityEngine.TextCoreFontEngineModule.dll_19EB3582338FA54D.mvfrm
[ 39/159    0s] MovedFromExtractor Library/Bee/artifacts/mvdfrm/UnityEngine.TerrainPhysicsModule.dll_B5323DD6C49861C2.mvfrm
[ 40/159    0s] MovedFromExtractor Library/Bee/artifacts/mvdfrm/UnityEngine.TLSModule.dll_8906E8EA977CEEBF.mvfrm
[ 41/159    0s] MovedFromExtractor Library/Bee/artifacts/mvdfrm/UnityEngine.TerrainModule.dll_2E4436F184D58999.mvfrm
[ 42/159    0s] MovedFromExtractor Library/Bee/artifacts/mvdfrm/UnityEngine.SubsystemsModule.dll_C9BCB5B95F763F94.mvfrm
[ 43/159    0s] MovedFromExtractor Library/Bee/artifacts/mvdfrm/UnityEngine.SubstanceModule.dll_EC4897148773DCF4.mvfrm
[ 44/159    0s] MovedFromExtractor Library/Bee/artifacts/mvdfrm/UnityEngine.StreamingModule.dll_0F9D82CB3C20DEE6.mvfrm
[ 45/159    0s] MovedFromExtractor Library/Bee/artifacts/mvdfrm/UnityEngine.SpriteShapeModule.dll_A7D989DB0CBC7BE0.mvfrm
[ 46/159    0s] MovedFromExtractor Library/Bee/artifacts/mvdfrm/UnityEngine.SpriteMaskModule.dll_5F0F4F57912E5781.mvfrm
[ 47/159    0s] MovedFromExtractor Library/Bee/artifacts/mvdfrm/UnityEngine.SharedInternalsModule.dll_DC203F39A70FC845.mvfrm
[ 48/159    0s] MovedFromExtractor Library/Bee/artifacts/mvdfrm/UnityEngine.ShaderVariantAnalyticsModule.dll_1B5EE0263141E116.mvfrm
[ 49/159    0s] MovedFromExtractor Library/Bee/artifacts/mvdfrm/UnityEngine.ScriptingModule.dll_7229EE416C20D65B.mvfrm
[ 50/159    0s] MovedFromExtractor Library/Bee/artifacts/mvdfrm/UnityEngine.ScreenCaptureModule.dll_257A058A3791066E.mvfrm
[ 51/159    0s] MovedFromExtractor Library/Bee/artifacts/mvdfrm/UnityEngine.RuntimeInitializeOnLoadManagerInitializerModule.dll_16942166C0B18A06.mvfrm
[ 52/159    0s] MovedFromExtractor Library/Bee/artifacts/mvdfrm/UnityEngine.RenderAs2DModule.dll_E455DE8BC204707A.mvfrm
[ 53/159    0s] MovedFromExtractor Library/Bee/artifacts/mvdfrm/UnityEngine.PropertiesModule.dll_A31E1C05E2AA2643.mvfrm
[ 54/159    0s] MovedFromExtractor Library/Bee/artifacts/mvdfrm/UnityEngine.PhysicsBackendPhysXModule.dll_B4349BE0100F5FCD.mvfrm
[ 55/159    0s] MovedFromExtractor Library/Bee/artifacts/mvdfrm/UnityEngine.PhysicsModule.dll_13FDBB82AF1740AB.mvfrm
[ 56/159    0s] MovedFromExtractor Library/Bee/artifacts/mvdfrm/UnityEngine.PerformanceReportingModule.dll_651F447FC047086E.mvfrm
[ 57/159    0s] MovedFromExtractor Library/Bee/artifacts/mvdfrm/UnityEngine.Physics2DModule.dll_A7AE856B8D961F3D.mvfrm
[ 58/159    0s] MovedFromExtractor Library/Bee/artifacts/mvdfrm/UnityEngine.ParticleSystemModule.dll_B4B79503AB556735.mvfrm
[ 59/159    0s] MovedFromExtractor Library/Bee/artifacts/mvdfrm/UnityEngine.MultiplayerModule.dll_0E20790D0FE1D14E.mvfrm
[ 60/159    0s] MovedFromExtractor Library/Bee/artifacts/mvdfrm/UnityEngine.LocalizationModule.dll_AE52DF542798CFF9.mvfrm
[ 61/159    0s] MovedFromExtractor Library/Bee/artifacts/mvdfrm/UnityEngine.MarshallingModule.dll_36E0FB153B427128.mvfrm
[ 62/159    0s] MovedFromExtractor Library/Bee/artifacts/mvdfrm/UnityEngine.JSONSerializeModule.dll_0B9258052324DA0C.mvfrm
[ 63/159    0s] MovedFromExtractor Library/Bee/artifacts/mvdfrm/UnityEngine.InputLegacyModule.dll_1FBD779EEF0BF9C7.mvfrm
[ 64/159    0s] MovedFromExtractor Library/Bee/artifacts/mvdfrm/UnityEngine.InputModule.dll_B7B2AB50D3DC833E.mvfrm
[ 65/159    0s] MovedFromExtractor Library/Bee/artifacts/mvdfrm/UnityEngine.InsightsModule.dll_0A8E9CFFC84AD60B.mvfrm
[ 66/159    0s] MovedFromExtractor Library/Bee/artifacts/mvdfrm/UnityEngine.InputForUIModule.dll_789536E0CFDF5EC3.mvfrm
[ 67/159    0s] MovedFromExtractor Library/Bee/artifacts/mvdfrm/UnityEngine.ImageConversionModule.dll_580F00642FE1CCF5.mvfrm
[ 68/159    0s] MovedFromExtractor Library/Bee/artifacts/mvdfrm/UnityEngine.IMGUIModule.dll_899C830723D5F27B.mvfrm
[ 69/159    0s] MovedFromExtractor Library/Bee/artifacts/mvdfrm/UnityEngine.HotReloadModule.dll_DC515380C7CC432A.mvfrm
[ 70/159    0s] MovedFromExtractor Library/Bee/artifacts/mvdfrm/UnityEngine.IdentifiersModule.dll_6701E476199311EE.mvfrm
[ 71/159    0s] MovedFromExtractor Library/Bee/artifacts/mvdfrm/UnityEngine.GraphicsStateCollectionSerializerModule.dll_0B69CE551CA18E2A.mvfrm
[ 72/159    0s] MovedFromExtractor Library/Bee/artifacts/mvdfrm/UnityEngine.HierarchyCoreModule.dll_22956BA39296D278.mvfrm
[ 73/159    0s] MovedFromExtractor Library/Bee/artifacts/mvdfrm/UnityEngine.GridModule.dll_4AC8EDFD6BC19AA6.mvfrm
[ 74/159    0s] MovedFromExtractor Library/Bee/artifacts/mvdfrm/UnityEngine.GIModule.dll_3A8DF9C9B4364772.mvfrm
[ 75/159    0s] MovedFromExtractor Library/Bee/artifacts/mvdfrm/UnityEngine.GameCenterModule.dll_75E2DCC76FBEC207.mvfrm
[ 76/159    0s] MovedFromExtractor Library/Bee/artifacts/mvdfrm/UnityEngine.DirectorModule.dll_70C7D46F3DCD868C.mvfrm
[ 77/159    0s] MovedFromExtractor Library/Bee/artifacts/mvdfrm/UnityEngine.DSPGraphModule.dll_761935D8B02E57AD.mvfrm
[ 78/159    0s] MovedFromExtractor Library/Bee/artifacts/mvdfrm/UnityEngine.CrashReportingModule.dll_61A54BB73D43DBA7.mvfrm
[ 79/159    0s] MovedFromExtractor Library/Bee/artifacts/mvdfrm/UnityEngine.CoreModule.dll_6D57D20F536D04AF.mvfrm
[ 80/159    0s] MovedFromExtractor Library/Bee/artifacts/mvdfrm/UnityEngine.ContentLoadModule.dll_278EB5C1259CEBC3.mvfrm
[ 81/159    0s] MovedFromExtractor Library/Bee/artifacts/mvdfrm/UnityEngine.ClusterRendererModule.dll_EC1D02B3ADBD1501.mvfrm
[ 82/159    0s] MovedFromExtractor Library/Bee/artifacts/mvdfrm/UnityEngine.ClusterInputModule.dll_70061501901CDD00.mvfrm
[ 83/159    0s] MovedFromExtractor Library/Bee/artifacts/mvdfrm/UnityEngine.AudioModule.dll_513CE3A05DA45E9A.mvfrm
[ 84/159    0s] MovedFromExtractor Library/Bee/artifacts/mvdfrm/UnityEngine.ClothModule.dll_B825409B37C13D7E.mvfrm
[ 85/159    0s] MovedFromExtractor Library/Bee/artifacts/mvdfrm/UnityEngine.AssetBundleModule.dll_8E785C80571A43D6.mvfrm
[ 86/159    0s] MovedFromExtractor Library/Bee/artifacts/mvdfrm/UnityEngine.AndroidJNIModule.dll_4B9592ACA97DD116.mvfrm
[ 87/159    0s] MovedFromExtractor Library/Bee/artifacts/mvdfrm/UnityEngine.AnimationModule.dll_5B08957AEC9927A8.mvfrm
[ 88/159    0s] MovedFromExtractor Library/Bee/artifacts/mvdfrm/UnityEngine.AdaptivePerformanceModule.dll_DA20B4532D531D0E.mvfrm
[ 89/159    0s] MovedFromExtractor Library/Bee/artifacts/mvdfrm/UnityEngine.AccessibilityModule.dll_AB7ACEC923E97982.mvfrm
[ 90/159    0s] MovedFromExtractor Library/Bee/artifacts/mvdfrm/UnityEngine.ARModule.dll_5BC475BF75A4BE21.mvfrm
[ 91/159    0s] MovedFromExtractor Library/Bee/artifacts/mvdfrm/UnityEngine.AIModule.dll_A251B0BC18875F58.mvfrm
[ 92/159    0s] MovedFromExtractor Library/Bee/artifacts/mvdfrm/UnityEditor.dll_E57EDD40B86458D1.mvfrm
[ 93/159    0s] MovedFromExtractor Library/Bee/artifacts/mvdfrm/UnityEditor.VectorGraphicsModule.dll_90DA699D216F4973.mvfrm
[ 94/159    0s] MovedFromExtractor Library/Bee/artifacts/mvdfrm/UnityEditor.VideoModule.dll_B019ABA6EEB9499A.mvfrm
[ 95/159    0s] MovedFromExtractor Library/Bee/artifacts/mvdfrm/UnityEditor.XRModule.dll_E4E7A6E43446040F.mvfrm
[ 96/159    0s] MovedFromExtractor Library/Bee/artifacts/mvdfrm/UnityEditor.UnityConnectModule.dll_F0699FEBDE950A3A.mvfrm
[ 97/159    0s] MovedFromExtractor Library/Bee/artifacts/mvdfrm/UnityEditor.VFXModule.dll_FDC3DF05FE3A4A27.mvfrm
[ 98/159    0s] MovedFromExtractor Library/Bee/artifacts/mvdfrm/UnityEditor.UIToolkitAuthoringModule.dll_CEE24EBC3F186A42.mvfrm
[ 99/159    0s] MovedFromExtractor Library/Bee/artifacts/mvdfrm/UnityEditor.UIElementsSamplesModule.dll_0482B53FE6D5A32D.mvfrm
[100/159    0s] MovedFromExtractor Library/Bee/artifacts/mvdfrm/UnityEditor.UmbraModule.dll_05E4D354B94DD968.mvfrm
[101/159    0s] MovedFromExtractor Library/Bee/artifacts/mvdfrm/UnityEditor.UIElementsModule.dll_CD4CA9D9605E6240.mvfrm
[102/159    0s] MovedFromExtractor Library/Bee/artifacts/mvdfrm/UnityEditor.UIBuilderModule.dll_E10BC66E84F4CC36.mvfrm
[103/159    0s] MovedFromExtractor Library/Bee/artifacts/mvdfrm/UnityEditor.UIAutomationModule.dll_A5D081665624EDE0.mvfrm
[104/159    0s] MovedFromExtractor Library/Bee/artifacts/mvdfrm/UnityEditor.TilemapModule.dll_DAC5E5C83783835D.mvfrm
[105/159    0s] MovedFromExtractor Library/Bee/artifacts/mvdfrm/UnityEditor.TreeModule.dll_A7E2F3CB332D2EC3.mvfrm
[106/159    0s] MovedFromExtractor Library/Bee/artifacts/mvdfrm/UnityEditor.TextCoreFontEngineModule.dll_9B8BBA2F2091E682.mvfrm
[107/159    0s] MovedFromExtractor Library/Bee/artifacts/mvdfrm/UnityEditor.TextRenderingModule.dll_C278856D75D0033E.mvfrm
[108/159    0s] MovedFromExtractor Library/Bee/artifacts/mvdfrm/UnityEditor.TextCoreTextEngineModule.dll_E373F0A0B0159FA0.mvfrm
[109/159    0s] MovedFromExtractor Library/Bee/artifacts/mvdfrm/UnityEditor.SubstanceModule.dll_3662A62BA1F42B0F.mvfrm
[110/159    0s] MovedFromExtractor Library/Bee/artifacts/mvdfrm/UnityEditor.TerrainModule.dll_3BC97E471FC6A254.mvfrm
[111/159    0s] MovedFromExtractor Library/Bee/artifacts/mvdfrm/UnityEditor.SpriteShapeModule.dll_A213BA4BFA826B5B.mvfrm
[112/159    0s] MovedFromExtractor Library/Bee/artifacts/mvdfrm/UnityEditor.SpriteMaskModule.dll_5E60E20F8EEA3E36.mvfrm
[113/159    0s] MovedFromExtractor Library/Bee/artifacts/mvdfrm/UnityEditor.SketchUpModule.dll_5DC5F73F05344B1C.mvfrm
[114/159    0s] MovedFromExtractor Library/Bee/artifacts/mvdfrm/UnityEditor.ShaderFoundryModule.dll_B7B533754622CE73.mvfrm
[115/159    0s] MovedFromExtractor Library/Bee/artifacts/mvdfrm/UnityEditor.ShaderCompilationModule.dll_105117B7C9D997FD.mvfrm
[116/159    0s] MovedFromExtractor Library/Bee/artifacts/mvdfrm/UnityEditor.ShaderBuildSettingsModule.dll_21B76645C50CFB4B.mvfrm
[117/159    0s] MovedFromExtractor Library/Bee/artifacts/mvdfrm/UnityEditor.SceneViewModule.dll_CB32FC5A075F2010.mvfrm
[118/159    0s] MovedFromExtractor Library/Bee/artifacts/mvdfrm/UnityEditor.SceneTemplateModule.dll_78D56332237351E5.mvfrm
[119/159    0s] MovedFromExtractor Library/Bee/artifacts/mvdfrm/UnityEditor.SafeModeModule.dll_75B111EEBA02AF05.mvfrm
[120/159    0s] MovedFromExtractor Library/Bee/artifacts/mvdfrm/UnityEditor.QuickSearchModule.dll_4A8F298EF4B38EE4.mvfrm
[121/159    0s] MovedFromExtractor Library/Bee/artifacts/mvdfrm/UnityEditor.PropertiesModule.dll_A26FAEBDE0660CF8.mvfrm
[122/159    0s] MovedFromExtractor Library/Bee/artifacts/mvdfrm/UnityEditor.QuickInstallModule.dll_D40EE0B4FB379353.mvfrm
[123/159    0s] MovedFromExtractor Library/Bee/artifacts/mvdfrm/UnityEditor.ProjectAuditorModule.dll_4447DDCDE401988A.mvfrm
[124/159    0s] MovedFromExtractor Library/Bee/artifacts/mvdfrm/UnityEditor.PresetsUIModule.dll_47E952341494AB07.mvfrm
[125/159    0s] MovedFromExtractor Library/Bee/artifacts/mvdfrm/UnityEditor.PhysicsModule.dll_218302D84A085966.mvfrm
[126/159    0s] MovedFromExtractor Library/Bee/artifacts/mvdfrm/UnityEditor.PlayModeModule.dll_BBA503A858CBBE6C.mvfrm
[127/159    0s] MovedFromExtractor Library/Bee/artifacts/mvdfrm/UnityEditor.Physics2DModule.dll_F1C89482A8166D58.mvfrm
[128/159    0s] MovedFromExtractor Library/Bee/artifacts/mvdfrm/UnityEditor.MultiplayerModule.dll_085AA97DFDA7C0C9.mvfrm
[129/159    0s] MovedFromExtractor Library/Bee/artifacts/mvdfrm/UnityEditor.MediaModule.dll_56D040CDAA73B683.mvfrm
[130/159    0s] MovedFromExtractor Library/Bee/artifacts/mvdfrm/UnityEditor.GridModule.dll_27A81AAAC3BC2F7B.mvfrm
[131/159    0s] MovedFromExtractor Library/Bee/artifacts/mvdfrm/UnityEditor.HierarchyModule.dll_79F7202DD01B91C4.mvfrm
[132/159    0s] MovedFromExtractor Library/Bee/artifacts/mvdfrm/UnityEditor.GridAndSnapModule.dll_C9388F031F414F7A.mvfrm
[133/159    0s] MovedFromExtractor Library/Bee/artifacts/mvdfrm/UnityEditor.GraphicsStateCollectionSerializerModule.dll_027601654FA244C5.mvfrm
[134/159    0s] WriteText Library/Bee/artifacts/1900b0aE.dag/Unity.Multiplayer.Center.Common.dll.mvfrm.rsp
[135/159    0s] WriteText Library/Bee/artifacts/1900b0aE.dag/Unity.Multiplayer.Center.Common.rsp
[136/159    0s] MovedFromExtractor Library/Bee/artifacts/mvdfrm/UnityEditor.GraphViewModule.dll_8C831952123C5302.mvfrm
[137/159    0s] MovedFromExtractor Library/Bee/artifacts/mvdfrm/UnityEditor.GIModule.dll_FC1F683A48B913A7.mvfrm
[138/159    0s] MovedFromExtractor Library/Bee/artifacts/mvdfrm/UnityEditor.EmbreeModule.dll_72A0A4A985B21A4D.mvfrm
[139/159    0s] WriteText Library/Bee/artifacts/1900b0aE.dag/Unity.Multiplayer.Center.Editor.rsp2
[140/159    0s] WriteText Library/Bee/artifacts/1900b0aE.dag/Unity.Multiplayer.Center.Editor.UnityAdditionalFile.txt
[141/159    0s] WriteText Library/Bee/artifacts/1900b0aE.dag/Unity.Multiplayer.Center.Editor.dll.mvfrm.rsp
[142/159    0s] WriteText Library/Bee/artifacts/1900b0aE.dag/Unity.Multiplayer.Center.Editor.rsp
[143/159    0s] MovedFromExtractor Library/Bee/artifacts/mvdfrm/UnityEditor.GraphToolkitModule.dll_110C7720AA6053A5.mvfrm
[144/159    0s] MovedFromExtractor Library/Bee/artifacts/mvdfrm/UnityEditor.EditorToolbarModule.dll_5535F2742486A7AD.mvfrm
[145/159    0s] MovedFromExtractor Library/Bee/artifacts/mvdfrm/UnityEditor.DiagnosticsModule.dll_BF7FA8819BDC928B.mvfrm
[146/159    0s] MovedFromExtractor Library/Bee/artifacts/mvdfrm/UnityEditor.DeviceSimulatorModule.dll_E67040423E02077D.mvfrm
[147/159    0s] MovedFromExtractor Library/Bee/artifacts/mvdfrm/UnityEngine.NVIDIAModule.dll_CAB1BC90E34F34FB.mvfrm
[148/159    0s] MovedFromExtractor Library/Bee/artifacts/mvdfrm/UnityEngine.HierarchyModule.dll_2FDD1116B59B43A9.mvfrm
[149/159    0s] MovedFromExtractor Library/Bee/artifacts/mvdfrm/UnityEngine.AMDModule.dll_8A772585704C736C.mvfrm
[150/159    0s] MovedFromExtractor-Combine Library/Bee/artifacts/1900b0aE.dag/Unity.Multiplayer.Center.Common.dll.mvfrm
[150/159    1s] Csc Library/Bee/artifacts/1900b0aE.dag/Unity.Multiplayer.Center.Common.dll (+2 others) [CacheHit 29825022b24670dff8ba8b62172fd5bc00000000000000000000000000000006]
[151/159    1s] Csc Library/Bee/artifacts/1900b0aE.dag/Unity.Multiplayer.Center.Common.dll (+2 others)
[153/159    0s] CopyFiles Library/ScriptAssemblies/Unity.Multiplayer.Center.Common.dll
[154/159    0s] CopyFiles Library/ScriptAssemblies/Unity.Multiplayer.Center.Common.pdb
[155/159    0s] MovedFromExtractor Library/Bee/artifacts/mvdfrm/Unity.Multiplayer.Center.Common.ref.dll_EE36537354EA42C8.mvfrm
[156/159    0s] MovedFromExtractor-Combine Library/Bee/artifacts/1900b0aE.dag/Unity.Multiplayer.Center.Editor.dll.mvfrm
[155/159    0s] Csc Library/Bee/artifacts/1900b0aE.dag/Unity.Multiplayer.Center.Editor.dll (+2 others) [CacheHit 000a4d68e3d6c29f26787f6be150455000000000000000000000000000000006]
[157/159    0s] Csc Library/Bee/artifacts/1900b0aE.dag/Unity.Multiplayer.Center.Editor.dll (+2 others)
[159/159    0s] CopyFiles Library/ScriptAssemblies/Unity.Multiplayer.Center.Editor.pdb
[160/159    0s] CopyFiles Library/ScriptAssemblies/Unity.Multiplayer.Center.Editor.dll
*** Tundra build success (14.82 seconds), 156 items updated, 159 evaluated
AssetDatabase: script compilation time: 38.516173s
Begin MonoManager ReloadAssembly
Assembly Assembly-CSharp-Editor-firstpass.dll at Library/ScriptAssemblies/Assembly-CSharp-Editor-firstpass.dll not valid. Loading of assembly skipped.
Assembly Assembly-CSharp-Editor.dll at Library/ScriptAssemblies/Assembly-CSharp-Editor.dll not valid. Loading of assembly skipped.
Assembly Assembly-CSharp-firstpass.dll at Library/ScriptAssemblies/Assembly-CSharp-firstpass.dll not valid. Loading of assembly skipped.
Assembly Assembly-CSharp.dll at Library/ScriptAssemblies/Assembly-CSharp.dll not valid. Loading of assembly skipped.
Assembly Unity.Multiplayer.Center.Editor.Tests.dll at Library/ScriptAssemblies/Unity.Multiplayer.Center.Editor.Tests.dll not valid. Loading of assembly skipped.
Assembly Unity.Multiplayer.Center.Tests.dll at Library/ScriptAssemblies/Unity.Multiplayer.Center.Tests.dll not valid. Loading of assembly skipped.
Start importing Assets using Guid(00000000000000001000000000000000) (DefaultImporter) -> (Import Result ID: '07be7ffc84d9ddfaf7a0eb831c795109') in 0.0486233 seconds [static dependencies only]. Details - ImportResultOutputID=30b926a03412fb9f812ec41da9eeb7a2 DependenciesID=c0ade824a0169ac5681665906faf46ef StaticDependenciesID=9150d2cfa9afe7474974e17a1042cb4a 
Start importing ProjectSettings/InputManager.asset using Guid(00000000000000002000000000000000) (LibraryAssetImporter) -> (Import Result ID: 'f0618dd140ae087f32d937c07be5f372') in 0.0108525 seconds [static dependencies only]. Details - ImportResultOutputID=cd92139355b314af40fe1de5f1f8f95e DependenciesID=af7e2025c6d7b1694d9db2ad7b3766a3 StaticDependenciesID=e28254c95bb625ed156fd4aa6e144f4c 
Start importing ProjectSettings/TagManager.asset using Guid(00000000000000003000000000000000) (LibraryAssetImporter) -> (Import Result ID: '9c0f67ab99b463734b6356303dd11330') in 0.0039389 seconds [static dependencies only]. Details - ImportResultOutputID=28c8b39e8fe18a0fd7dbf4e83f943962 DependenciesID=31fecaa980761f383981755500995e65 StaticDependenciesID=a44fb0b546e96fb60b4dbafab6148c3c 
Start importing ProjectSettings/ProjectSettings.asset using Guid(00000000000000004000000000000000) (LibraryAssetImporter) -> (Import Result ID: '1dc98e79860911acdf1e87608b6588f8') in 0.0117716 seconds [static dependencies only]. Details - ImportResultOutputID=d3ca6db29495033f6ec6c171ea098da8 DependenciesID=b6c2da8d77772d0c8fae3196c63f1f7b StaticDependenciesID=aafd1ac5460e6ca4906b9a2713005fa8 
Start importing ProjectSettings/AudioManager.asset using Guid(00000000000000006000000000000000) (LibraryAssetImporter) -> (Import Result ID: 'feaf174efed840ae1afa34396ca9aeec') in 0.0030049 seconds [static dependencies only]. Details - ImportResultOutputID=c4d7f2660572de865bd8151486c69f5a DependenciesID=8b3dcd75429c27e2d46625a99eb55959 StaticDependenciesID=2de12fb4782f7ffcb9182ec1c7ee0c01 
Start importing ProjectSettings/TimeManager.asset using Guid(00000000000000007000000000000000) (LibraryAssetImporter) -> (Import Result ID: '3cedd79bf2edf30e345dbe752318c531') in 0.0055153 seconds [static dependencies only]. Details - ImportResultOutputID=26f981bd6e0b9d4dc8cd0f2ecd555556 DependenciesID=d0d34f3ea3a1ccc993593c0bbf3bcada StaticDependenciesID=76630de57178a43aa92dc8a92a4f4e1f 
Start importing ProjectSettings/DynamicsManager.asset using Guid(00000000000000008000000000000000) (LibraryAssetImporter) -> (Import Result ID: 'a2b2676fc698186845b3f1356bd75473') in 0.004354 seconds [static dependencies only]. Details - ImportResultOutputID=d295b22bcbe33ba4da04fd3cf9aad1f8 DependenciesID=de7747c42270bdfe89c6322830b62e6f StaticDependenciesID=f4b77cf9a86461b526c1daf46b006efe 
Start importing ProjectSettings/QualitySettings.asset using Guid(00000000000000009000000000000000) (LibraryAssetImporter) -> (Import Result ID: '1034576e0fa0aba63b0639ee7ad5846d') in 0.0054008 seconds [static dependencies only]. Details - ImportResultOutputID=466ae0066f63be03acd64a7e01d76d9f DependenciesID=03013736a1a80eb54d27a9050716dfb9 StaticDependenciesID=77eb66be9f5ca8cb7ad823f76bcd4f17 
Start importing ProjectSettings/EditorBuildSettings.asset using Guid(0000000000000000b000000000000000) (LibraryAssetImporter) -> (Import Result ID: 'f9c774582d2c5b4f92956d7e116429d9') in 0.0050237 seconds [static dependencies only]. Details - ImportResultOutputID=d777934f36c664454d62eda103573334 DependenciesID=dd69c90245ab9a0cf4ae3a2b92d863b8 StaticDependenciesID=47103f3414dd69499803c656c360a931 
Start importing ProjectSettings/EditorSettings.asset using Guid(0000000000000000c000000000000000) (LibraryAssetImporter) -> (Import Result ID: '58ab28a9043868d3dddb3962280984da') in 0.0052451 seconds [static dependencies only]. Details - ImportResultOutputID=cf985170b52c9c582303c52d1d3c1af9 DependenciesID=62cc22db79e948fcfd6fa4d2f235f6a6 StaticDependenciesID=2cc8a69c4af95d8819cef8f51a33c90b 
Start importing ProjectSettings/NavMeshAreas.asset using Guid(00000000000000004100000000000000) (LibraryAssetImporter) -> (Import Result ID: '3db1278bf370e0083060d7b4f3e8297d') in 0.0046258 seconds [static dependencies only]. Details - ImportResultOutputID=dc4b432744394c0b711126d130b0907c DependenciesID=b76ee59f090fe326a6999c6334b9e8e5 StaticDependenciesID=344df4e9ea4f353f195a913d17f58117 
Start importing ProjectSettings/Physics2DSettings.asset using Guid(00000000000000005100000000000000) (LibraryAssetImporter) -> (Import Result ID: '786a0ce874cf280368793813a7cccd65') in 0.004614 seconds [static dependencies only]. Details - ImportResultOutputID=60a9f21390cae772c5464d780d2e2601 DependenciesID=86a87f541999dd854d5a9d23d0abc32a StaticDependenciesID=48bddb7d88cf6b42de75ee3fd81431cb 
Start importing ProjectSettings/GraphicsSettings.asset using Guid(00000000000000006100000000000000) (LibraryAssetImporter) -> (Import Result ID: '8d1c13038610296a6b48a119f64fc9d0') in 0.0076892 seconds [static dependencies only]. Details - ImportResultOutputID=5bd38efc7568c0c855c21a11ad435b27 DependenciesID=c069ad03d5fb60ae47d85ff7c727caca StaticDependenciesID=3923855a58e6cea3edb2010bf79fb1aa 
Start importing ProjectSettings/ClusterInputManager.asset using Guid(00000000000000007100000000000000) (LibraryAssetImporter) -> (Import Result ID: '2dbe754921b5109dd2c0760c215a42a2') in 0.0031483 seconds [static dependencies only]. Details - ImportResultOutputID=a7656e1436256b108092d067df8d086d DependenciesID=fd546e89d8c39e4be862882f639d5404 StaticDependenciesID=70971caca6031e503a26daa3f03e06ed 
Start importing ProjectSettings/UnityConnectSettings.asset using Guid(0000000000000000a100000000000000) (LibraryAssetImporter) -> (Import Result ID: '2b7c34bd1332b4edd37e3fb0542c1d80') in 0.0048179 seconds [static dependencies only]. Details - ImportResultOutputID=774300b76df88929d1cf5f28fecd3c40 DependenciesID=bf737031ea2419b7ff5984ccbd00f4a1 StaticDependenciesID=1812acbd01e581c26066d278d95593de 
Start importing ProjectSettings/PresetManager.asset using Guid(0000000000000000b100000000000000) (LibraryAssetImporter) -> (Import Result ID: '5475a531a08632fcd583e97f593316bf') in 0.0045639 seconds [static dependencies only]. Details - ImportResultOutputID=f468e0319eebf06d8b2420a76ba40394 DependenciesID=8494041f09f64579e7f95879b394322e StaticDependenciesID=2637a1ffaadd794c44d91e3c5521fac3 
Start importing ProjectSettings/VFXManager.asset using Guid(0000000000000000c100000000000000) (LibraryAssetImporter) -> (Import Result ID: '4a142f6fa371354773f0a8ab13c1d696') in 0.0042028 seconds [static dependencies only]. Details - ImportResultOutputID=bcf2e1070b6635c27f737ef5b84097b4 DependenciesID=88b4bfa2ab18c1e02bba09be0d3a5617 StaticDependenciesID=cabfb429bac2a259d77fcb6114afb714 
Start importing ProjectSettings/VersionControlSettings.asset using Guid(0000000000000000d100000000000000) (LibraryAssetImporter) -> (Import Result ID: '25d036b6467d73f22e845a27b77db35b') in 0.0031678 seconds [static dependencies only]. Details - ImportResultOutputID=1609d9c76400e144f2730f3537db1b0a DependenciesID=06cc61faa4077a6067addba1f82a88d1 StaticDependenciesID=ed5e44be5031886b75ba35e07d8668a1 
Start importing ProjectSettings/MemorySettings.asset using Guid(0000000000000000f100000000000000) (LibraryAssetImporter) -> (Import Result ID: '3f05a49ee9bd067f28a692ce00168b58') in 0.0051034 seconds [static dependencies only]. Details - ImportResultOutputID=5b6bd868f732647c0a24325efb69fab3 DependenciesID=ca1dd507b05689ad5dd5852b3b87dade StaticDependenciesID=d3c6e4f859caf173435ca642e894d825 
Start importing ProjectSettings/MultiplayerManager.asset using Guid(00000000000000000200000000000000) (LibraryAssetImporter) -> (Import Result ID: '16682497ebfb6eeae824f3c67e1a4f0e') in 0.0040494 seconds [static dependencies only]. Details - ImportResultOutputID=6122ab174229d3e936d90b3fc3113c01 DependenciesID=120416360367d2a56761811a0f7242be StaticDependenciesID=2f0e881e5c749de357b921f35621183c 
Start importing Library/BuildInstructions using Guid(00000000000000002300000000000000) (DefaultImporter) -> (Import Result ID: 'eba376fb1611aea0eb4e45e3a09202cb') in 0.0012712 seconds [static dependencies only]. Details - ImportResultOutputID=05826d252c87efae86aca308d202a7aa DependenciesID=e50bf3b0a41b633fa4f0c0ef33f85a62 StaticDependenciesID=0c63b0c35863fa9da8c32b2fe035aaa9 
Start importing Packages/com.unity.modules.imgui using Guid(c060426bfd6e82575228df6656368eaa) (DefaultImporter) -> (Import Result ID: '230f5546ed919b3c70b20cc33da9f84a') in 0.0008408 seconds [static dependencies only]. Details - ImportResultOutputID=851b07ebfcae92c09946614370d33402 DependenciesID=212efae0f851ce6bedead747db0a2441 StaticDependenciesID=af4a024050ecb7dfe38b767f4d4fa12a 
Start importing Packages/com.unity.modules.animation using Guid(1158e311a3101950348dcecb1bebc42d) (DefaultImporter) -> (Import Result ID: 'f4d780ee8b30609fee94f90d9ce10396') in 0.0007 seconds [static dependencies only]. Details - ImportResultOutputID=b507f80f0cc676852c0f5b6778d9d32f DependenciesID=a09920416b945ad7e4f27a42decc713c StaticDependenciesID=7ec93f2895cba90e66ee2521ede9f4e3 
Start importing Packages/com.unity.modules.xr using Guid(515638b803bef8599dbd6d5c8bdaa53e) (DefaultImporter) -> (Import Result ID: '3e55c809ab722c4de856d4d7b8212478') in 0.0006698 seconds [static dependencies only]. Details - ImportResultOutputID=4e2da7ca555bbb6db7ca8468248c6ec8 DependenciesID=40c96d8ffb2afac0c0485792fd9b5ca8 StaticDependenciesID=e892f9cc2e30bb092ecbc535d20e96ac 
Start importing Packages/com.unity.modules.assetbundle using Guid(b219c86ce508e478367c0a46e1aa9fe4) (DefaultImporter) -> (Import Result ID: 'cb15fa67bc7533698659d8f45068ff61') in 0.0005969 seconds [static dependencies only]. Details - ImportResultOutputID=cf8e945018a7415baf2776c24296fa26 DependenciesID=3b64e5cdc581fe947b3ff33690a5c7fe StaticDependenciesID=7f2e5116816c5e68db13cc85db29a619 
Start importing Packages/com.unity.multiplayer.center using Guid(63792d44a433f53ac2acfbb01766f6e3) (DefaultImporter) -> (Import Result ID: '7ef69d639d03d776236b2019fa53e1ff') in 0.0006341 seconds [static dependencies only]. Details - ImportResultOutputID=a0668c7c3c0a3ed3a58b38b959ed6d7b DependenciesID=d693cde810c5328394730c22c80794aa StaticDependenciesID=aeb7f6565f8ab11c4c94e38e3162d638 
Start importing Packages/com.unity.modules.vectorgraphics using Guid(04c6898809c37620ac863cc2a5d7c4d0) (DefaultImporter) -> (Import Result ID: '5d7f70cb6ea808aeed5c1b58bdbaa128') in 0.0006732 seconds [static dependencies only]. Details - ImportResultOutputID=6fe06bbe45392eb01b346c46eac843ca DependenciesID=0dd3bcffd6853ef894dfe9d7619a30ba StaticDependenciesID=be577e88945676f69f1dbd9000cf528f 
Start importing Packages/com.unity.modules.screencapture using Guid(5469ef0820152a4ae45d400fdc4626e4) (DefaultImporter) -> (Import Result ID: '1cf6e7af4b48f2ca210c9ed1a8bfb9ef') in 0.0006395 seconds [static dependencies only]. Details - ImportResultOutputID=d5a499da3ffc6e6a552cbb6dd79c3207 DependenciesID=04f229045543c7738ac4616844408aed StaticDependenciesID=554f9fb80f4a02546e94009342c5574d 
Start importing Packages/com.unity.modules.cloth using Guid(c4df1124e2787ee0c8d1a911de17ee73) (DefaultImporter) -> (Import Result ID: 'd7b9b8d58ead5aa9a3dd9e91a4af584d') in 0.0006556 seconds [static dependencies only]. Details - ImportResultOutputID=3fbcf9057146c9e9bb4ec85396086067 DependenciesID=52c8d4df1e065642844a3e003ae0808a StaticDependenciesID=5a8e5e176b51d3b02834326c4c719a84 
Start importing Packages/com.unity.modules.imageconversion using Guid(850c54ee0b9e1aa740b1c67792eb1f26) (DefaultImporter) -> (Import Result ID: 'a5df7acf072ef95bc9981e7fadcf64c9') in 0.0006128 seconds [static dependencies only]. Details - ImportResultOutputID=521aa0a53687be0955f0b15dfdd1987e DependenciesID=61e2132d873c47eba4da9920416956f9 StaticDependenciesID=785ac445ff421ca6e1962d1a5af047d3 
Start importing Packages/com.unity.modules.terrainphysics using Guid(95f85adeda79e994f011eb2152cf4fc9) (DefaultImporter) -> (Import Result ID: 'a08f8655b7d6163ced3655f15fdca186') in 0.0023018 seconds [static dependencies only]. Details - ImportResultOutputID=ea2c6b335e991a287305680ad564e947 DependenciesID=16917761cf4e6e56b2d8676921af5e9c StaticDependenciesID=4e388ccdd7ccb72dd54c3a37e6c05f54 
Start importing Packages/com.unity.modules.unitywebrequest using Guid(c522a644a29fcab2eaf63298c118a65b) (DefaultImporter) -> (Import Result ID: 'fbfdc1aeb2dec4a18d828d76750026f8') in 0.0011861 seconds [static dependencies only]. Details - ImportResultOutputID=8a81a81489267de56b7d33672ba96862 DependenciesID=09a82fbb41e8514328b53e51badea98b StaticDependenciesID=9de3f8dde60f35b4312fc2ff0387c51f 
Start importing Packages/com.unity.modules.unitywebrequestassetbundle using Guid(d5f0b0adc6826e9dd3b72e292e8438be) (DefaultImporter) -> (Import Result ID: 'deee3e428d75ea0abeaeb06ed1d53f88') in 0.0007846 seconds [static dependencies only]. Details - ImportResultOutputID=ed73d7a600e7251ba9aa802174551752 DependenciesID=4ec015fb18d47a0a3f9d39dca23e6c0b StaticDependenciesID=b702f08dcaf4f7ac42392b4412bdcd23 
Start importing Packages/com.unity.modules.subsystems using Guid(56b94a5b6990c879bb0f057719d1064b) (DefaultImporter) -> (Import Result ID: '431c56b6b5620e3d228392bff2a01b1b') in 0.0007015 seconds [static dependencies only]. Details - ImportResultOutputID=752e6b5306a3389830519e39f71d9d60 DependenciesID=ade10ecc1d902112fcd0c5d98e8c5c18 StaticDependenciesID=7fbbcabe370381a354e560d28b570f0e 
Start importing Packages/com.unity.modules.unityanalytics using Guid(d6c6a000a805f00649b36b542e8426c2) (DefaultImporter) -> (Import Result ID: '2ec8cd93f3b5e3de4f40ffb875e8db07') in 0.0007054 seconds [static dependencies only]. Details - ImportResultOutputID=274ebb01aab99d85548cea894ba7a69d DependenciesID=3212c0ee8b937271d951a39d54c3443f StaticDependenciesID=803f941198aa618db8928406a9e3eb81 
Start importing Packages/com.unity.modules.physics using Guid(d6db7caf2e852b75ebb9c6098418179c) (DefaultImporter) -> (Import Result ID: '2bd5496b8f41d4c483b719f895756afa') in 0.0010664 seconds [static dependencies only]. Details - ImportResultOutputID=57d8a8f2862572e56f74082d74acd84d DependenciesID=d3986c56063196094920426040e4357b StaticDependenciesID=699fa226cb636bf1eeed95ae28265d04 
Start importing Packages/com.unity.modules.vr using Guid(178008567c08e6d84014fa87825d10bb) (DefaultImporter) -> (Import Result ID: 'a770a6cde9417d0791f7c8dbfb3a256a') in 0.0008814 seconds [static dependencies only]. Details - ImportResultOutputID=bcc41fc5d791c96c9a683abe597f47bb DependenciesID=3d258ea792b35d6c516bd9ceba8889d1 StaticDependenciesID=c434b4240e07f23949197b6dcf1bd511 
Start importing Packages/com.unity.modules.physics2d using Guid(376c84ea405e0f2b80562c23bb977216) (DefaultImporter) -> (Import Result ID: '71e57563fd942d5e89ffc3570eb32072') in 0.000684 seconds [static dependencies only]. Details - ImportResultOutputID=f77032bcf703287185a810a38ba11b03 DependenciesID=c2a897cd289a162d925eb297b653b534 StaticDependenciesID=e04ed38e58049c3bd40f0d1f438a3289 
Start importing Packages/com.unity.modules.wind using Guid(b77b1ad9c05af0412725856c6c53b037) (DefaultImporter) -> (Import Result ID: '80923f4d5341b3d61469aeecae45d20c') in 0.0006506 seconds [static dependencies only]. Details - ImportResultOutputID=31137f89bbc973fe65dec10edf5e60d5 DependenciesID=77e86201f323f3f5039f707420b4521c StaticDependenciesID=5c882826164cadc377fd717f4b7b59cf 
Start importing Packages/com.unity.modules.uielements using Guid(2808ba6bccb2478ec9c7209d8bf1f3cc) (DefaultImporter) -> (Import Result ID: '70c43246961e6be8619054bdefd992d0') in 0.0006149 seconds [static dependencies only]. Details - ImportResultOutputID=aba228e1bbad8104d5309abe85d38a5d DependenciesID=7982d620807bebf63f7185aabc3686b0 StaticDependenciesID=e65b90bc54c7d09f4d60d33453b1dc01 
Start importing Packages/com.unity.modules.unitywebrequestaudio using Guid(38e3a8976f0b9c586b6dfbcef4e4066c) (DefaultImporter) -> (Import Result ID: '4b6afbbba2a62e2edd09f775415cf80b') in 0.0006263 seconds [static dependencies only]. Details - ImportResultOutputID=7f93c41df2ed2cdd9ed8c832f7e1afbc DependenciesID=a6e2569fae32ae7c7c16f334d0566e6e StaticDependenciesID=a3a2dc48a2f546c5ff36c1e101e2908a 
Start importing Packages/com.unity.modules.particlesystem using Guid(48b10b41f58d5b49717f376cda59eeb8) (DefaultImporter) -> (Import Result ID: 'e03f104f7051f0a69e51841a6cf3e070') in 0.0006018 seconds [static dependencies only]. Details - ImportResultOutputID=59e2c8c34c501156ba5c017b580762f9 DependenciesID=99e2838a11c384eecbda6bf7e06e79b7 StaticDependenciesID=fb50f6efbaaf64fb0922e625f3947288 
Start importing Packages/com.unity.modules.accessibility using Guid(783ee1c8fd4414848db1be97aacf44fb) (DefaultImporter) -> (Import Result ID: '56c789a7330f5b0a3dd489dbcd59a15b') in 0.0006467 seconds [static dependencies only]. Details - ImportResultOutputID=f29fcbf43d7198f9e5297efa393e40c9 DependenciesID=e6cf412617ebbaf93a591de218a7b20f StaticDependenciesID=eeea1cc48893943ae915ccc5d8002d59 
Start importing Packages/com.unity.modules.tilemap using Guid(09e28640d754a611467eebfb261ed749) (DefaultImporter) -> (Import Result ID: '8e05fd98815c197e5def34b89ac6ca5f') in 0.0005541 seconds [static dependencies only]. Details - ImportResultOutputID=0d7ddce866c8da055c681b83016df629 DependenciesID=f0d3892c72bf252412ec4258f2b8bc92 StaticDependenciesID=0404619cdf3b76edcda89408e5a29089 
Start importing Packages/com.unity.modules.ui using Guid(39728903e57c60021f80449a8bbc0096) (DefaultImporter) -> (Import Result ID: '87ab1778edf052d220fd06b4f0d3fc1e') in 0.0006187 seconds [static dependencies only]. Details - ImportResultOutputID=d7a8fe94e94a7d18728a55e8d263b5a2 DependenciesID=1dd9b826bc27135f85a05e82b42a33b4 StaticDependenciesID=f8bbebf766fd682096ccc5737aa40f2d 
Start importing Packages/com.unity.modules.androidjni using Guid(995c08a3305ff9f0dab5e86f340bd9a7) (DefaultImporter) -> (Import Result ID: 'fd34aa4e1fd9fe2abe4970c40f296a4a') in 0.0005916 seconds [static dependencies only]. Details - ImportResultOutputID=ec2a2019c238c3713366f40e4dc2e7f3 DependenciesID=81d596941da05a9bdc1818cf8d142efd StaticDependenciesID=b5e00170e4d92ad93a751e91ab0e067a 
Start importing Packages/com.unity.modules.adaptiveperformance using Guid(b975297a992381c1f3257d0e96892c8a) (DefaultImporter) -> (Import Result ID: '9e51fafeb7d67ba86c59eb1d3406c8b4') in 0.0006076 seconds [static dependencies only]. Details - ImportResultOutputID=a7e9475641f5f4dbb772f830b91f1b3e DependenciesID=44e1077a8fbddc2bdc54265812ead3ba StaticDependenciesID=92a28ae11098954fb9d806ac4678a592 
Start importing Packages/com.unity.modules.hierarchycore using Guid(6b81377a4453ba7362eb3322f9bcc6c6) (DefaultImporter) -> (Import Result ID: '317e466d65d4bcc50c117c5a814d1469') in 0.0036037 seconds [static dependencies only]. Details - ImportResultOutputID=54815d0b5ca3b92ec8b0c3fe18e605ef DependenciesID=7c1a27c293f5e28a94c6521341cb11fc StaticDependenciesID=93b2952a8953e907f962fbfa55d4b4fb 
Start importing Packages/com.unity.modules.vehicles using Guid(1cf2469083ffa484da4d78dd70d708e8) (DefaultImporter) -> (Import Result ID: '7e44df0e8320aeb4c3cca6a233c5fd1a') in 0.0013559 seconds [static dependencies only]. Details - ImportResultOutputID=5faa9f11b7f7d71c225fbf2589a30d83 DependenciesID=8cfcbcee10e66e519cf3b07d99a24527 StaticDependenciesID=558c0fddcdb09e3b9cc8b2d2417fef3e 
Start importing Packages/com.unity.modules.umbra using Guid(9c7c268fa6492449654839df69f2a2f4) (DefaultImporter) -> (Import Result ID: '3ba7fcc1a9897788aa8c08cd149d2731') in 0.0010464 seconds [static dependencies only]. Details - ImportResultOutputID=f9d2bc3d13eac1c2250fa1fcd1a84152 DependenciesID=2164c41978e68b8314629436e614cdba StaticDependenciesID=0ea18bb0e4f4686f4b7a69b09e4246cf 
Start importing Packages/com.unity.modules.unitywebrequestwww using Guid(dcc8c6e92b172a65719af5ddf47dd968) (DefaultImporter) -> (Import Result ID: 'ec7934ffb74d630c99f2cf0cbea339fc') in 0.0008408 seconds [static dependencies only]. Details - ImportResultOutputID=bd64dbfb22ac07477425da91255a2831 DependenciesID=85192f331dfa695574582d66488c8b3f StaticDependenciesID=a73b1af242614969a36e441ec6138557 
Start importing Packages/com.unity.modules.jsonserialize using Guid(fc3a810351931f5e6183e16b9beb5563) (DefaultImporter) -> (Import Result ID: '9a0a0232dfba44afaaff4323220405b4') in 0.0008078 seconds [static dependencies only]. Details - ImportResultOutputID=7c216b0c5fd31e4d02c39141f72207ee DependenciesID=424dd747b95343d8825bb80e8dfb296b StaticDependenciesID=180a8d7ade79db84e0508082e8cefff3 
Start importing Packages/com.unity.modules.director using Guid(2d142b475fbfb8cf12ba3a795194300a) (DefaultImporter) -> (Import Result ID: '35b8f16757d32c8a00943dc65a34d4fd') in 0.0006411 seconds [static dependencies only]. Details - ImportResultOutputID=22271c5027a82ac1f174ee2ca7184f5e DependenciesID=cf3c1a86374acc2e1d5a9f87bce4b973 StaticDependenciesID=14ce59839544ee856517e6ccca86038e 
Start importing Packages/com.unity.modules.audio using Guid(2d6ba5cbe47e6ad3c87474c56174d4e0) (DefaultImporter) -> (Import Result ID: '5cf24c524012639b84138e73719e11e5') in 0.0006288 seconds [static dependencies only]. Details - ImportResultOutputID=daf1976afa7be36892563d13cb0be07b DependenciesID=7ef93e55127e0348fc0760b97a4ac0ae StaticDependenciesID=9900d88e7b498206e853b21ac07c211a 
Start importing Packages/com.unity.modules.video using Guid(ede0462698a4a5643aa9872c074acd38) (DefaultImporter) -> (Import Result ID: 'e89605bfae4e6de2cbca070ed23c1fcc') in 0.0006016 seconds [static dependencies only]. Details - ImportResultOutputID=7a6c284394e4554db51803c6ec00e1bb DependenciesID=55575b7034bb9a38061eced11014eeb0 StaticDependenciesID=c25f959145978e1e3f7e64ade31b2208 
Start importing Packages/com.unity.modules.ai using Guid(fd871a8be47119612f7c254e96a822b7) (DefaultImporter) -> (Import Result ID: '21a0ada9d0fb7ea70a82dd004e9db16d') in 0.0007249 seconds [static dependencies only]. Details - ImportResultOutputID=a67a657c9397326968e870f5cec1e956 DependenciesID=4b39229d04c5fc1b677b969d74523e9c StaticDependenciesID=087ca56fd762ffbf70ad9fdcf62a172a 
Start importing Packages/com.unity.modules.terrain using Guid(6e1c8b97ec8aa0464e92506ffe099558) (DefaultImporter) -> (Import Result ID: 'ef9966cf4ba212f50058d7fd373752c7') in 0.0006412 seconds [static dependencies only]. Details - ImportResultOutputID=fc91e9e246943ebcf34c001b084d90c8 DependenciesID=829671bb2bf25ef38fbe27f5ead8ec91 StaticDependenciesID=871c3aaa688acea457ee3d09148c79c7 
Start importing Packages/com.unity.modules.unitywebrequesttexture using Guid(6f1c7ebc8ac78cb951be24c238cbd3ba) (DefaultImporter) -> (Import Result ID: '688075280cc1cc1d789c65beea99d45f') in 0.0006383 seconds [static dependencies only]. Details - ImportResultOutputID=a0788590480a458ac6792be36e16025d DependenciesID=cf96201347f9b09bbb1c5552d55c61c4 StaticDependenciesID=89e1f52713bf23013fb9fab419b1b822 
Start importing Packages/com.unity.multiplayer.center/Editor using Guid(72aad6ae0dafb492cbf852432441bb38) (DefaultImporter) -> (Import Result ID: '503565def50ebdcea4b80adb32966f57') in 0.0009158 seconds [static dependencies only]. Details - ImportResultOutputID=954908a493dce1eabee8e11d81c0a458 DependenciesID=bcbb474f63436a7acd324055c7e8988c StaticDependenciesID=9f4654f6af049605c5147d2778110829 
Start importing Packages/com.unity.multiplayer.center/Common using Guid(f247964bd405431fbd31840f97bef608) (DefaultImporter) -> (Import Result ID: 'a732b4f2155d5932915c9bafead53ae9') in 0.0010107 seconds [static dependencies only]. Details - ImportResultOutputID=5737abb0c5d3170630a4202a0027bbbe DependenciesID=df953b01c7aa26cb38dc579a8bd1fc07 StaticDependenciesID=58321329db628bc7e878617f41ae7b00 
Start importing Packages/com.unity.multiplayer.center/Tests using Guid(baf75c9d3de4941df9ee5f3dd1d3bc34) (DefaultImporter) -> (Import Result ID: '31114f066f564e91d0ac0ba237fd0221') in 0.0008576 seconds [static dependencies only]. Details - ImportResultOutputID=7c840a36d6419d2e86b1bd79da15cd67 DependenciesID=c127e87f819302a37795c3d6ef59cbe8 StaticDependenciesID=14c5611f1d7efc434d64dc6b203fe593 
Start importing Packages/com.unity.multiplayer.center/Editor/Analytics using Guid(21f32d2f4add49b3b11fadb6889a2156) (DefaultImporter) -> (Import Result ID: 'e5dafd7ada653c7f384a0f0d7965ccf6') in 0.0021664 seconds [static dependencies only]. Details - ImportResultOutputID=1186503ac1c96514878bf1f2c7f677fc DependenciesID=230ef2cf6ee84f60bd76333949722a6f StaticDependenciesID=7860ca050edd56a2ad6ca6b0db98ece6 
Start importing Packages/com.unity.multiplayer.center/Editor/Features using Guid(22d3dbf8d488d49d2b1130d698010dee) (DefaultImporter) -> (Import Result ID: '4faa3de337f105fbb56608d56a1820ed') in 0.001399 seconds [static dependencies only]. Details - ImportResultOutputID=160443948a113f4b2c5e2fc90e664412 DependenciesID=986649686fed8c3b18d90cccacb53c51 StaticDependenciesID=0eef205ea190a9cfd6a491d3622de6a4 
Start importing Packages/com.unity.multiplayer.center/Tests/Editor using Guid(96c71b811fa50403690b154e216fe217) (DefaultImporter) -> (Import Result ID: 'dc15bfc24b5f719b585a537f394e571d') in 0.0016612 seconds [static dependencies only]. Details - ImportResultOutputID=b20a8b12e9745310c019cce52e9c56e0 DependenciesID=67b51c811aafa7b2fe711ea78343bbd0 StaticDependenciesID=f87b09e13ff3510741f4a4ef04a97f7a 
Start importing Packages/com.unity.multiplayer.center/Editor/OnBoarding using Guid(1726448925bf4bd1af6ca883bae8ff3f) (DefaultImporter) -> (Import Result ID: '7b220269e84be94e7348662d6205c6d6') in 0.0010186 seconds [static dependencies only]. Details - ImportResultOutputID=b1e60fef74883eb5dba548dabddaf741 DependenciesID=830cf44aa3f0b7f6850fcfac7410dc4f StaticDependenciesID=b8c4a22ae83c2cde886c613dd83290dc 
Start importing Packages/com.unity.multiplayer.center/Editor/Recommendations using Guid(97646f506bf040e9bd4568124c8b425e) (DefaultImporter) -> (Import Result ID: '2197a91450c1a6844a24d856f58e022b') in 0.000869 seconds [static dependencies only]. Details - ImportResultOutputID=3184e851ecff82cf9464fa45aeb748dd DependenciesID=268339f54885b0b4ce7b7051c1864859 StaticDependenciesID=48671ae10a222c69b7a7b5c3d65ca30c 
Start importing Packages/com.unity.multiplayer.center/Editor/Questionnaire using Guid(a7f089ed51c2345ffb7ac0bc3562453f) (DefaultImporter) -> (Import Result ID: 'd83110d3c18723a05bc872a21de590cf') in 0.0008215 seconds [static dependencies only]. Details - ImportResultOutputID=38ee7a4f9eed4e75f2de9ac64b2b7b76 DependenciesID=4e5cd9cf8f1a88880ea7375d99641a34 StaticDependenciesID=9e9dc4159d6176516f061e19abf3a9e6 
Start importing Packages/com.unity.multiplayer.center/Editor/MultiplayerCenterWindow using Guid(7a7dcde6448847648629a13d746ce966) (DefaultImporter) -> (Import Result ID: 'a212c6d1b387117c728ec58ab2a43307') in 0.0009229 seconds [static dependencies only]. Details - ImportResultOutputID=df6a15eab1a3f22bcc9bb83a6d43c321 DependenciesID=acc4c60b361c47f3535c1033e741110d StaticDependenciesID=88f56c01d7fd1268abc818424faea9e4 
Start importing Packages/com.unity.multiplayer.center/Tests/Runtime using Guid(8e4d240cf158245a9945c4df01d83bc1) (DefaultImporter) -> (Import Result ID: 'fdc3f6b75d7cc3b48ac217a3acc1e9bf') in 0.0008349 seconds [static dependencies only]. Details - ImportResultOutputID=334956260faa534e278328f4d0c66d03 DependenciesID=fc42bc9c5b26157815307ecc78d5432d StaticDependenciesID=b7ff5d6fa97a54c27cc03dcb23435db3 
Start importing Packages/com.unity.multiplayer.center/Editor/MultiplayerCenterWindow/UI using Guid(9bd34ec3fe8f4aed936c3a0cf2f32e56) (DefaultImporter) -> (Import Result ID: '49387fef6e4cfaa24096da7ff6c65955') in 0.0008662 seconds [static dependencies only]. Details - ImportResultOutputID=0fb000b743c3616a17e68247363904fd DependenciesID=26b4bc9deb13d297b9ebd5cfc6caddc5 StaticDependenciesID=f2f54b785ae0418598efc58db089700c 
Start importing Packages/com.unity.multiplayer.center/Editor/MultiplayerCenterWindow/UI/Icons using Guid(34a09eb4d6e8d44989194a25525c5147) (DefaultImporter) -> (Import Result ID: '9d220d17c2878d0392331acc5f3d5c17') in 0.0008379 seconds [static dependencies only]. Details - ImportResultOutputID=88e8fad3c01195c20dc4cc99fcc036cc DependenciesID=bd3bea107cd7f450d001148973bce09e StaticDependenciesID=13723159ac8db0aa92b4c9f8eb5c8567 
Start importing Packages/com.unity.multiplayer.center/Editor/MultiplayerCenterWindow/UI/RecommendationView using Guid(eab7f42d361b483aaa760c5909002312) (DefaultImporter) -> (Import Result ID: '56eb25bb21ad3652326a6053ae0787eb') in 0.0012971 seconds [static dependencies only]. Details - ImportResultOutputID=354cbe5ad97103a6829479d429f5db67 DependenciesID=ce3a30d1523eb69f289030b27fbbc73b StaticDependenciesID=dd777c0494c09178634f07c1371081e6 
Start importing Packages/com.unity.multiplayer.center/Common/Unity.Multiplayer.Center.Common.asmdef using Guid(84abd2ab34a74600a33a3bb9d72859fe) (AssemblyDefinitionImporter) -> (Import Result ID: 'd3ab1fa9b552852ea04de680ee511aaa') in 0.0053486 seconds [static dependencies only]. Details - ImportResultOutputID=4c385c8fafaeaefca1e47280ae33faeb DependenciesID=1330327572d2976f00701d01e85a64dd StaticDependenciesID=68f3154df783c6ae64349d015a93358e 
Start importing Packages/com.unity.multiplayer.center/Tests/Runtime/Unity.Multiplayer.Center.Tests.asmdef using Guid(2664430aff4254d79887d32c3fc1e221) (AssemblyDefinitionImporter) -> (Import Result ID: '7fd4844dfdd42771b16c29ead3e86bdc') in 0.0046844 seconds [static dependencies only]. Details - ImportResultOutputID=ce6f2cddf5119a84a0d0418806c8f757 DependenciesID=1c86506243f063cdbbd8d490ad1572bb StaticDependenciesID=a58fb7a28f5de05832193a3428db3568 
Start importing Packages/com.unity.multiplayer.center/Tests/Editor/Unity.Multiplayer.Center.Editor.Tests.asmdef using Guid(787ec048daec145b580d1134da5dd278) (AssemblyDefinitionImporter) -> (Import Result ID: 'f0ec3406d49e82442895488c521658d7') in 0.0038399 seconds [static dependencies only]. Details - ImportResultOutputID=41407fa05a3fe3276ed5608c6915c1de DependenciesID=45fa0402a69706447319bcc34da89ca9 StaticDependenciesID=0fc1ed8f5ea41e827128efe47d0d90f5 
Start importing Packages/com.unity.multiplayer.center/Editor/Unity.Multiplayer.Center.Editor.asmdef using Guid(be17709716f1648caa5de6d0c38103ed) (AssemblyDefinitionImporter) -> (Import Result ID: 'b3d4efa5bddfac0498a6dd337a8d9a72') in 0.0035796 seconds [static dependencies only]. Details - ImportResultOutputID=31d886fdd1893ef9871aa072690031f9 DependenciesID=c940f2d58947019d076f91c8c92b9179 StaticDependenciesID=dab73b22b0d3f1033e7ff20162570e27 
Start importing Packages/com.unity.modules.ui/package.ModuleCompilationTrigger using Guid(51fa60bb2bd1e5bc74e8cc95a7bfd5b7) (DefaultImporter) -> (Import Result ID: 'b852eeef4328136e95162172b7d667f2') in 0.0390721 seconds [static dependencies only]. Details - ImportResultOutputID=c50079973e4a88af9749dba6a913e595 DependenciesID=15a093d6daee02153bbe95cbc8efd8b0 StaticDependenciesID=d18b7a06c127bc8e9680c26fe5735dac 
Start importing Packages/com.unity.modules.unityanalytics/package.ModuleCompilationTrigger using Guid(71136fc5cf34f2cc10be0e33c0b08019) (DefaultImporter) -> (Import Result ID: '18983ffbe9b9dd89305749ab6b0d4aa4') in 0.0014595 seconds [static dependencies only]. Details - ImportResultOutputID=b4dcf58d733c363dbfb4a791842d4240 DependenciesID=38b380e9639cb0a7756d611cd4daacd4 StaticDependenciesID=a7b3ae21512239757557aaada175963a 
Start importing Packages/com.unity.modules.tilemap/package.ModuleCompilationTrigger using Guid(a1c42005fe7c5d78585a77ce396a5eea) (DefaultImporter) -> (Import Result ID: 'dc636ce2baa69b6aab2e9f7d240c6bfa') in 0.0010242 seconds [static dependencies only]. Details - ImportResultOutputID=ec8a54ddd7f1eabc5d38b9d9497680ab DependenciesID=a1af10bba295a185ad948b748788638c StaticDependenciesID=93b708e8f4a80157307a6d78d2060a03 
Start importing Packages/com.unity.modules.hierarchycore/package.ModuleCompilationTrigger using Guid(d104359075a97392b803d3d5aebc77f7) (DefaultImporter) -> (Import Result ID: 'c7e9340a97d5ff9564e8d103340fca43') in 0.000977 seconds [static dependencies only]. Details - ImportResultOutputID=520b0278478998e8c9287e82c73f1f0d DependenciesID=1a5624c006d1cf4b66d29249b9c1d7cd StaticDependenciesID=5c956f14cdd17c2b3e55b6c4769497c2 
Start importing Packages/com.unity.modules.assetbundle/package.ModuleCompilationTrigger using Guid(222fc39b0c85d800342910da2cd64781) (DefaultImporter) -> (Import Result ID: 'cc17bd0f6d43ccb824aecdb6c237f4b4') in 0.0009944 seconds [static dependencies only]. Details - ImportResultOutputID=df528e29d2bbfb20648a95e7edba36bf DependenciesID=016f07ba83584edd49fdb4e6c5d3c2b7 StaticDependenciesID=524f69f51e26ca23bfead5254324ecb6 
Start importing Packages/com.unity.modules.unitywebrequest/package.ModuleCompilationTrigger using Guid(d2ec2d1228c8e67cdd913cb5609176a2) (DefaultImporter) -> (Import Result ID: '167feb3c91f7497ff0d6cc059c477410') in 0.0008969 seconds [static dependencies only]. Details - ImportResultOutputID=5d6b3584c5df48481205e31f5ea5426b DependenciesID=a7ada1476af122b9864bd1acbdb56ed5 StaticDependenciesID=18e47b8b1e678626833da15d9d203691 
Start importing Packages/com.unity.modules.ai/package.ModuleCompilationTrigger using Guid(e2d09a26ce46dc617b54e49a534ace20) (DefaultImporter) -> (Import Result ID: 'a23e0b958e2728db99960090f7ffa8e6') in 0.0008197 seconds [static dependencies only]. Details - ImportResultOutputID=f1f2ea932ad8cd1f617114996b1a57ed DependenciesID=c54cc1f892e3093fb79cd69b99573c61 StaticDependenciesID=340fbf7fc8c50bc9e770f18ba72b4ee5 
Start importing Packages/com.unity.modules.terrain/package.ModuleCompilationTrigger using Guid(23032f4383e95e772bce465c5896d0fd) (DefaultImporter) -> (Import Result ID: '614406808605d30e267071125db3be32') in 0.0007978 seconds [static dependencies only]. Details - ImportResultOutputID=0a36afd981cab4da6865af546d4b45c2 DependenciesID=d65f5e7c6ba0e0958933bc92540213b0 StaticDependenciesID=17e212d5c5d465460fe503d6d8f229e3 
Start importing Packages/com.unity.modules.imageconversion/package.ModuleCompilationTrigger using Guid(830a36a23cf3ab1e61fa47940a6dc35e) (DefaultImporter) -> (Import Result ID: '6ddaeb09c0a7b03628275991f1e0d354') in 0.0010008 seconds [static dependencies only]. Details - ImportResultOutputID=d3a227ebbc53f092c5bcf22d18a7f588 DependenciesID=131e261bb24f9a96497b17578a5837f4 StaticDependenciesID=50c25c41d3e78e3c0b0d116e5435bbcf 
Start importing Packages/com.unity.modules.unitywebrequesttexture/package.ModuleCompilationTrigger using Guid(a31a332ce3485f00f7df8d987302a29c) (DefaultImporter) -> (Import Result ID: '789618a09a5e69e2d28c9468ffa7dbf1') in 0.0009427 seconds [static dependencies only]. Details - ImportResultOutputID=42d9e4b4d9be3c880fcd1f06759b5332 DependenciesID=26b4a8f161e3b9f41411b79dcb4f0db4 StaticDependenciesID=8c45fc0c059f3f054294ee403c151cf9 
Start importing Packages/com.unity.modules.audio/package.ModuleCompilationTrigger using Guid(042dc296246916648e55a43d0eeb2036) (DefaultImporter) -> (Import Result ID: '8d3395c36808ba4fe442e67e26f3cbcf') in 0.0024384 seconds [static dependencies only]. Details - ImportResultOutputID=79b92d092a7e938d3fd7c03ba6e7e14e DependenciesID=f7b170e910d68bd5f74239722e73cf43 StaticDependenciesID=470f92d8aee7cd5dacbb8f1098dc1ba5 
Start importing Packages/com.unity.modules.unitywebrequestaudio/package.ModuleCompilationTrigger using Guid(553737203d61a8109f9544a97201e1aa) (DefaultImporter) -> (Import Result ID: '759ba3756f3297d8ac9f015336c54db8') in 0.0017668 seconds [static dependencies only]. Details - ImportResultOutputID=721f346ab16c713ca7900579670e755d DependenciesID=a98ca4150430ba022c826cb0483e3997 StaticDependenciesID=9a1c6930177b0f7bacc3c095a351d0c1 
Start importing Packages/com.unity.modules.vr/package.ModuleCompilationTrigger using Guid(b5bd8fa6f4c55ab6f09322b86d18b0e3) (DefaultImporter) -> (Import Result ID: 'ebf6273b8f3acec163833ac33bdb9443') in 0.0010757 seconds [static dependencies only]. Details - ImportResultOutputID=76f062596489a9626faa000c1fbe403d DependenciesID=18fe4f022f92881fb70f17f0aa6a512a StaticDependenciesID=89363c12b2f5171945311adc1c2970b9 
Start importing Packages/com.unity.modules.vehicles/package.ModuleCompilationTrigger using Guid(e5c46c19ce0ce2e0103aa6f82df1043a) (DefaultImporter) -> (Import Result ID: 'a72e254ff7d4ba8957b514703f2e4e0d') in 0.0009408 seconds [static dependencies only]. Details - ImportResultOutputID=a1bdea322f0233965ff3494c0d3a4e92 DependenciesID=f1c51ec7b4adda3c6821ab29099b4e17 StaticDependenciesID=e675c991078344dcae36648e29c7e2c3 
Start importing Packages/com.unity.modules.unitywebrequestassetbundle/package.ModuleCompilationTrigger using Guid(7610600f5c83e01041a6fe849d39279f) (DefaultImporter) -> (Import Result ID: 'be938c3f21cb6f6376ade4dfe4f1c119') in 0.0009992 seconds [static dependencies only]. Details - ImportResultOutputID=a2f5501d6c706ad2fff7fc4c0d01448d DependenciesID=4791c211c965ec80a4ae56c81c2242b6 StaticDependenciesID=239b11dbb80e29ccbd0404587c8a106f 
Start importing Packages/com.unity.modules.jsonserialize/package.ModuleCompilationTrigger using Guid(e6a135e3ea9cb46795d1b0e05ac3e1e5) (DefaultImporter) -> (Import Result ID: '041bd8831b0d160550e4f528890a3790') in 0.0019802 seconds [static dependencies only]. Details - ImportResultOutputID=04e6eb819594b4830a558b276a5756c3 DependenciesID=ca425e30432096aa4fbd59a24ca2baa7 StaticDependenciesID=186a8e069fed39ae4a5104aafb1e5b12 
Start importing Packages/com.unity.modules.video/package.ModuleCompilationTrigger using Guid(f62135e79edb837b2d2ee3c524da864c) (DefaultImporter) -> (Import Result ID: 'f11c3b3dab84afc9f5710d28b0b837a8') in 0.0011439 seconds [static dependencies only]. Details - ImportResultOutputID=cf29006c8063f8f4d3b105f1baa3364c DependenciesID=ec6f99f8109807a50f8010a4048dcc18 StaticDependenciesID=083ec6c7c6a1ee9a75238776adaa5c9e 
Start importing Packages/com.unity.modules.particlesystem/package.ModuleCompilationTrigger using Guid(17f093324b67f5bd57e55b546736750e) (DefaultImporter) -> (Import Result ID: 'b7a120b71398c7f9ac77eaadae8b9a83') in 0.0010317 seconds [static dependencies only]. Details - ImportResultOutputID=d725917aa0b30b2dcdb81ad81e3e66d9 DependenciesID=8bb8f1a5b53f670e35cf02ae7ecc3b37 StaticDependenciesID=d1186b831c877f672f612c845c197a2c 
Start importing Packages/com.unity.modules.accessibility/package.ModuleCompilationTrigger using Guid(4745d06d5a7ca576dcf9e5e67b417652) (DefaultImporter) -> (Import Result ID: '4ffd9709865bbfc9b7972c2dc6d145a7') in 0.0008641 seconds [static dependencies only]. Details - ImportResultOutputID=6a773ec01a65dfca6cf550d8b16e674d DependenciesID=1d4237cd976205b6c8c099a8064fb610 StaticDependenciesID=9f298b377dc9b42b71e9c72475bd6eb0 
Start importing Packages/com.unity.modules.xr/package.ModuleCompilationTrigger using Guid(c7a8b0317f4e68556d7509828e9e211e) (DefaultImporter) -> (Import Result ID: '95f7c482edc054c431ac9ae96a989df7') in 0.0009673 seconds [static dependencies only]. Details - ImportResultOutputID=2e4f0a0db81d1b5538e8e3b5e4969efb DependenciesID=9d2bc4de6574c544a17dc52265d8a174 StaticDependenciesID=ad7a21d36c45c7e9b1b5fcdb1d30af56 
Start importing Packages/com.unity.modules.cloth/package.ModuleCompilationTrigger using Guid(082fbee38a82835433261a5e9c00e267) (DefaultImporter) -> (Import Result ID: '7bd8c0ac30feaa27006a927b241bf245') in 0.0008199 seconds [static dependencies only]. Details - ImportResultOutputID=40eed87013789c9702286c5cd5c542d1 DependenciesID=afdfc4bc27391f03675b73c4af145b50 StaticDependenciesID=4aa867a39cdd7ee3e1549ccc6f2ebbc8 
Start importing Packages/com.unity.modules.androidjni/package.ModuleCompilationTrigger using Guid(c82e859b16636ddd2ca4a1f63fd34938) (DefaultImporter) -> (Import Result ID: '7533bb141942eff9bf86fe2d899f0964') in 0.0024646 seconds [static dependencies only]. Details - ImportResultOutputID=c5b00eb187af19c2f532dc82008db270 DependenciesID=510c1e7e7efb84aa01096ea6c1bf9174 StaticDependenciesID=9b7383c7fdeabcaabb3b23964ebac0b3 
Start importing Packages/com.unity.modules.director/package.ModuleCompilationTrigger using Guid(c88e90bad18cceb5d182d0c805883056) (DefaultImporter) -> (Import Result ID: 'ecd4525a9e4a68a24682c431e692cb9b') in 0.0018454 seconds [static dependencies only]. Details - ImportResultOutputID=179f07e3389108405983b0fc2a8ffd19 DependenciesID=ee33e9274fc5394794fee81f12804bd5 StaticDependenciesID=bcef966d0ea9ddb405be2c8668365e0e 
Start importing Packages/com.unity.modules.adaptiveperformance/package.ModuleCompilationTrigger using Guid(1af35a910338381f753e8a985eb5daab) (DefaultImporter) -> (Import Result ID: 'a61b033c1fe45e2557bfa66a85044c8e') in 0.0011418 seconds [static dependencies only]. Details - ImportResultOutputID=738e0ec806d2a58f10ae18a787f82709 DependenciesID=71f5141e40705c2e2fcef6c9f7640909 StaticDependenciesID=2a9d19e37716939030387c6e3281f51c 
Start importing Packages/com.unity.modules.wind/package.ModuleCompilationTrigger using Guid(2adec19fac7df68adf1fd6eb83197bb1) (DefaultImporter) -> (Import Result ID: '9c7d2ba26e6a2b1fc98b58d9150ab8a3') in 0.0009102 seconds [static dependencies only]. Details - ImportResultOutputID=889070b5b4fc0d83b6d1c6ed60c17aec DependenciesID=504606d62d106c98e9f4ac668abf1c29 StaticDependenciesID=c1e8bfa11d7f01b9128f6dc989464a92 
Start importing Packages/com.unity.modules.uielements/package.ModuleCompilationTrigger using Guid(8a752aaaadd2410dd9a84e01c1bace9f) (DefaultImporter) -> (Import Result ID: '59433b45c43d6c41ebea969580eaf242') in 0.0009348 seconds [static dependencies only]. Details - ImportResultOutputID=c3abc6b3b7f98b35d61b624634bdb9f9 DependenciesID=8601d063114a97760ed98618c8c13333 StaticDependenciesID=63e885045ed59c48282f7ebe4c95aa0c 
Start importing Packages/com.unity.modules.umbra/package.ModuleCompilationTrigger using Guid(1b6246f2248883964991eac9e9b4817c) (DefaultImporter) -> (Import Result ID: '10df360dd6d943d8431366f157aa2cf7') in 0.0013578 seconds [static dependencies only]. Details - ImportResultOutputID=33cd8f6ebe37cdd9977f95b65542cecf DependenciesID=159c8a2bb00856c75ecd0c59c6cf6bfd StaticDependenciesID=8961fffc2c886e6da06811035b685dcc 
Start importing Packages/com.unity.modules.terrainphysics/package.ModuleCompilationTrigger using Guid(cbb1a39d56ce4d9ac1a46ac505893fa7) (DefaultImporter) -> (Import Result ID: 'ba94e7bf70d1692149b9e04a773725b2') in 0.0011627 seconds [static dependencies only]. Details - ImportResultOutputID=54c8dc56cf8cff000dc03d21f317cd38 DependenciesID=4c433c1860d0ea2037105188a0d94f0e StaticDependenciesID=4940bec771c939286ad901a53604a7bc 
Start importing Packages/com.unity.modules.animation/package.ModuleCompilationTrigger using Guid(db8e609a39b9b231fccc54e5fa4cbd1b) (DefaultImporter) -> (Import Result ID: '4ab4a569f69ab2eb48e9932410aa44ed') in 0.0009176 seconds [static dependencies only]. Details - ImportResultOutputID=adaa6e5ddb640ae1aa4881621783c278 DependenciesID=00e01bf5c9f3532ce101d1c0ff0244e0 StaticDependenciesID=a92dc4e3be805f4cb7701dd3b2b3a733 
Start importing Packages/com.unity.modules.vectorgraphics/package.ModuleCompilationTrigger using Guid(3cc1ebf2abb7fef6871ad48f499b6e21) (DefaultImporter) -> (Import Result ID: '2a2f3493a69dfecce57e34e49bec095a') in 0.0009274 seconds [static dependencies only]. Details - ImportResultOutputID=4cdaa332c8ed20e065af53aec0190be6 DependenciesID=c992554c6f2bb963edecb6841fdc3af8 StaticDependenciesID=0233c791181165bf3faa6b405253b982 
Start importing Packages/com.unity.modules.physics/package.ModuleCompilationTrigger using Guid(5c1ee4056d0ac7ad3c5a16597fcaa38a) (DefaultImporter) -> (Import Result ID: 'cac9e79da4894527482b054fae5c024d') in 0.0010207 seconds [static dependencies only]. Details - ImportResultOutputID=7e84f44c9ee6d7567cb045214a4e4402 DependenciesID=101f95293de7cc0d0b962d54b1ebaf1d StaticDependenciesID=ea574778e448a66d43867cf6688c9a3d 
Start importing Packages/com.unity.modules.subsystems/package.ModuleCompilationTrigger using Guid(8d4bc6bfa28760b29f13174d6b6ea710) (DefaultImporter) -> (Import Result ID: '16398e9ccb25ee9f8b359af3c99ea5c1') in 0.0014173 seconds [static dependencies only]. Details - ImportResultOutputID=1df2b4bdaa6955bc4c87e0bd275b39d9 DependenciesID=1e5bd557eedaba17191fd565e00720f2 StaticDependenciesID=6eb4c8a837f6d50ac09b0c6752c969ba 
Start importing Packages/com.unity.modules.screencapture/package.ModuleCompilationTrigger using Guid(cd561f5f687aed43bf280c27a84f79e3) (DefaultImporter) -> (Import Result ID: '46c13addfd90df7ac72b8cc58c15a242') in 0.0017665 seconds [static dependencies only]. Details - ImportResultOutputID=79331ad563f88377972fb34a7484997d DependenciesID=d93993b27193f330da297526227d6f6a StaticDependenciesID=6dfebff728ae05abc68644d11ed68b91 
Start importing Packages/com.unity.modules.unitywebrequestwww/package.ModuleCompilationTrigger using Guid(ae87256f29d9c8b50490f4caf75b2c41) (DefaultImporter) -> (Import Result ID: '484bc4dfaccc9bc58ca0dec9126cb73a') in 0.0028803 seconds [static dependencies only]. Details - ImportResultOutputID=321c2162e2e8ba84159bbb8f29b49694 DependenciesID=49ecbdbe0858298096ee1fcf1f219558 StaticDependenciesID=e01d25764537b9938f02345ca48b6f20 
Start importing Packages/com.unity.modules.imgui/package.ModuleCompilationTrigger using Guid(be13c398521e3c1ad21fb9da30ab2ab6) (DefaultImporter) -> (Import Result ID: '1ea9ee2e50a8be2eae03e775f13e4226') in 0.0019845 seconds [static dependencies only]. Details - ImportResultOutputID=aec4c9c8a45e017694034262611127b0 DependenciesID=aed208ea29f2495c6f63496b0399ac79 StaticDependenciesID=88a26c640c2a45d247eae041e9bcaeb2 
Start importing Packages/com.unity.modules.physics2d/package.ModuleCompilationTrigger using Guid(fe6a6957b37b61417b457a1e0541791d) (DefaultImporter) -> (Import Result ID: 'ccf840462c4334c35ea5de49b1f1d376') in 0.0015285 seconds [static dependencies only]. Details - ImportResultOutputID=e89b5226b75fb4d122d27e5aa500b308 DependenciesID=e71988ff89b4ef414a38e5a8ae9dc062 StaticDependenciesID=589d8fb2454f5cf862a0bca3f90c77de 
Native extension for WindowsStandalone target not found
ScheduleIndexationOnStartup MainProcess:True IndexOnStartup:True
Mono: successfully reloaded assembly
- Finished resetting the current domain, in  1.067 seconds
Domain Reload Profiling: 2158ms
	BeginReloadAssembly (776ms)
		DisableScriptedObjects (110ms)
		CreateAndSetChildDomain (232ms)
	RebuildCommonClasses (115ms)
	RebuildNativeTypeToScriptingClass (38ms)
	initialDomainReloadingComplete (114ms)
	LoadAllAssembliesAndSetupDomain (46ms)
		LoadAssemblies (251ms)
		AnalyzeDomain (22ms)
			TypeCache.Refresh (15ms)
				TypeCache.ScanAssembly (3ms)
			BuildScriptInfoCaches (4ms)
	FinalizeReload (1069ms)
		SetupLoadedEditorAssemblies (0ms)
			InitializePlatformSupportModulesInManaged (44ms)
			BeforeProcessingInitializeOnLoad (238ms)
			ProcessInitializeOnLoadAttributes (260ms)
			ProcessInitializeOnLoadMethodAttributes (156ms)
			AfterProcessingInitializeOnLoad (13ms)
		AwakeInstancesAfterBackupRestoration (55ms)
Start importing Library/BuildPlayer.prefs using Guid(00000000000000005000000000000000) (DefaultImporter) -> (Import Result ID: '4568e6c60e9c102b282fbc882b7f9d0c') in 0.0128558 seconds [static dependencies only]. Details - ImportResultOutputID=c9d0cf2ecfa3f71dff3e93722d4a0d1a DependenciesID=7a3b5c0878618b9a6acd85f7043a384f StaticDependenciesID=db1f0b78f0a340435451b6f76edee113 
Start importing Packages/com.unity.multiplayer.center/Editor/Questionnaire/Questionnaire.questionnaire using Guid(a659150180ae3489ba41c71780ba3779) (DefaultImporter) -> (Import Result ID: '051caaedb1958857fa98363f5f6df97d') in 0.0047613 seconds [static dependencies only]. Details - ImportResultOutputID=f03d5245727a813cb1fc4ae0e77a69d6 DependenciesID=7665db20d528b388f87ccb95c68923dc StaticDependenciesID=62b57a02a953815eac96d1b58579a267 
Start importing Packages/com.unity.multiplayer.center/Editor/Recommendations/RecommendationData_6000.0.recommendations using Guid(b66d076cdcfe3b14388de66307a0e7ff) (DefaultImporter) -> (Import Result ID: 'b42e17a9e37eafe18ecfa5f30477f1b0') in 0.004158 seconds [static dependencies only]. Details - ImportResultOutputID=bae846869de95d530ebdfbe083ff1a6a DependenciesID=5084fd57aa914ba73d6789cdfadd4c23 StaticDependenciesID=3c5090083139119994cda081373d5469 
Start importing Packages/com.unity.multiplayer.center/Editor/MultiplayerCenterWindow/UI/Icons/d_PackageInstalled@2x.png using Guid(318df756abab5463e9aa361360784865) (TextureImporter) -> (Import Result ID: '17e0f3ff551d0502d99b4909a44e1993') in 0.0259188 seconds [static and dynamic dependencies]. Details - ImportResultOutputID=875cc0538c14d46a6d77bb7935ff1ba6 DependenciesID=4cb507d7e5a302fa5c3ae21f6e22dc39 StaticDependenciesID=2e08541b075bfcc4ed50ac08e610b6aa 
Start importing Packages/com.unity.multiplayer.center/Editor/MultiplayerCenterWindow/UI/Icons/Loading.png using Guid(424a8de5def3b46dcb08edd00ad1c7bd) (TextureImporter) -> (Import Result ID: 'c2088d0b8f85532b77016d28526395ec') in 0.00786 seconds [static and dynamic dependencies]. Details - ImportResultOutputID=bb67ce3a8363ca1a6787d2fbb47f6503 DependenciesID=686f6fffc0840c73171494e5b5010bd2 StaticDependenciesID=ff195a75b0ae3c0361e22861448d7ba5 
Start importing Packages/com.unity.multiplayer.center/Editor/MultiplayerCenterWindow/UI/Icons/d_Package.png using Guid(525a6cca8dd9a4d28875a8fe824710d9) (TextureImporter) -> (Import Result ID: '7e5231844336207a5695a6a60f96559b') in 0.0082485 seconds [static and dynamic dependencies]. Details - ImportResultOutputID=b1ddfdc3c0d5eacdaadaf9ad6fe8a6da DependenciesID=6e0bb0be5b36ac6d7227fec9ae27c4d4 StaticDependenciesID=82c5b1927b55b5a98bce28bd211dbbcd 
Start importing Packages/com.unity.multiplayer.center/Editor/MultiplayerCenterWindow/UI/Icons/CloudCode@2x.png using Guid(a23c0dd570fd44b57a03a8880002fcca) (TextureImporter) -> (Import Result ID: 'fc180bfb417da0f2a2ab7fe789f4f552') in 0.00656 seconds [static and dynamic dependencies]. Details - ImportResultOutputID=7b3a5db04855c76ab8a324ab8eed5cda DependenciesID=ac5252d7645e976fc861178c202f29d4 StaticDependenciesID=db94f90b91faa895f6c9486c1f4ef558 
Start importing Packages/com.unity.multiplayer.center/Editor/MultiplayerCenterWindow/UI/Icons/ClientHosted.png using Guid(b2ce704e56cc84fb3b347499263c6244) (TextureImporter) -> (Import Result ID: '538265cde303cdeb5af6d38a0f9e5783') in 0.0064095 seconds [static and dynamic dependencies]. Details - ImportResultOutputID=ce272bae626c89783e15af6f9acc17e9 DependenciesID=eb10db0335ce838f06c97be1d19d9596 StaticDependenciesID=bf57e6dd1c36d584faa5bce0cac9bdca 
Start importing Packages/com.unity.multiplayer.center/Editor/MultiplayerCenterWindow/UI/Icons/DistributedAuthority@2x.png using Guid(0354877031b64465ea7e5cafea1a2653) (TextureImporter) -> (Import Result ID: 'aeb5b8cd51ecc31afbc3201b2f51db96') in 0.0078643 seconds [static and dynamic dependencies]. Details - ImportResultOutputID=9efe96b0c741a8e40338481758b649d1 DependenciesID=82b6030a429b4c2900e4fa245cf1af04 StaticDependenciesID=5c0c78b86c5582577898adf8c85493d4 
Start importing Packages/com.unity.multiplayer.center/Editor/MultiplayerCenterWindow/UI/Icons/NGO@2x.png using Guid(83b28bcaaf34b4fd580114fb05d9f160) (TextureImporter) -> (Import Result ID: 'ff81366391174019a4eb99f2be7b9540') in 0.0057196 seconds [static and dynamic dependencies]. Details - ImportResultOutputID=64e4d37e8e053c2fbd638b102ee8c4ee DependenciesID=9974fa1b8102fc32cfdcd29b658040fc StaticDependenciesID=a0907c5982cf95f4eb87d456c3731e15 
Start importing Packages/com.unity.multiplayer.center/Editor/MultiplayerCenterWindow/UI/Icons/PackageInstalled@2x.png using Guid(0423146d9f51c4563a0f2a8200b6cd38) (TextureImporter) -> (Import Result ID: '7e4c98149f9d352ec100c970148a782a') in 0.0075041 seconds [static and dynamic dependencies]. Details - ImportResultOutputID=2c5b3194975d56516b84bf802259c778 DependenciesID=e5b771ace577507f5588bb43d305f94f StaticDependenciesID=5d83c9642c9a494e60faad3eaa01bf1b 
Start importing Packages/com.unity.multiplayer.center/Editor/MultiplayerCenterWindow/UI/Icons/d_Questionnaire.png using Guid(741761e72e6f24446bd8ba03ea3d0261) (TextureImporter) -> (Import Result ID: 'dd8f19e9247dc231cd3ae69de517a268') in 0.0048622 seconds [static and dynamic dependencies]. Details - ImportResultOutputID=fcd75846f53d71f90892de9b0672a629 DependenciesID=ff06a8d4847392ad94a586a496c36b44 StaticDependenciesID=8c4f9f177cc628a5751396e831d98e4c 
Start importing Packages/com.unity.multiplayer.center/Editor/MultiplayerCenterWindow/UI/Icons/EmptyViewIcon.png using Guid(84e4bbd00035e4671bf14e0380a89001) (TextureImporter) -> (Import Result ID: '9b0e7fafeb0c13198fff4bd8c9b8d9ba') in 0.0132187 seconds [static and dynamic dependencies]. Details - ImportResultOutputID=2e5638165e91149f95a735be4cfc6053 DependenciesID=64a2bd62ee503cb74ff5315cc30025b9 StaticDependenciesID=3811b77f2b03e137e2365836961e7787 
Start importing Packages/com.unity.multiplayer.center/Editor/MultiplayerCenterWindow/UI/Icons/PackageManager@2x.png using Guid(9431e8221045c4af189b2fa7174b9e9f) (TextureImporter) -> (Import Result ID: '12f790cac96049f6551f2b223b87214f') in 0.0051108 seconds [static and dynamic dependencies]. Details - ImportResultOutputID=e11882249ac4b1e6f4522611b624b3b5 DependenciesID=c47f43247746fcb349c40c8e795f4f8b StaticDependenciesID=3eceea59f93e5c917cf8e66866c8e9b7 
Start importing Packages/com.unity.multiplayer.center/Editor/MultiplayerCenterWindow/UI/Icons/NoNetcode@2x.png using Guid(b58a826ca804e4c67bab4283ad5a6102) (TextureImporter) -> (Import Result ID: '5e50eaf4d6e1d7f56d225e75223cd967') in 0.0090293 seconds [static and dynamic dependencies]. Details - ImportResultOutputID=713250f586477b016d493aece2d6628b DependenciesID=c2f0290aef5e2598cb758c4e7eb38816 StaticDependenciesID=3dbdbafb2bf5f607324fd9d9ba6caeaf 
Start importing Packages/com.unity.multiplayer.center/Editor/MultiplayerCenterWindow/UI/Icons/PackageInstalled.png using Guid(4616b2fa4acd1429e931835b80966c2a) (TextureImporter) -> (Import Result ID: '0bee864e2b2a6ad2af8cfd80685a8708') in 0.0042456 seconds [static and dynamic dependencies]. Details - ImportResultOutputID=7da244c53cfece7d6cf2a3fade1c2a45 DependenciesID=75cc7f185ec08ac4c5ebb851b269315d StaticDependenciesID=6f53b32fdce9e61d13e3a9f049b4cdd4 
Start importing Packages/com.unity.multiplayer.center/Editor/MultiplayerCenterWindow/UI/Icons/d_PackageManager@2x.png using Guid(a6fd0c627f5aa48fa81512221e70a11e) (TextureImporter) -> (Import Result ID: '7728b9e5ac15602cd784664b0bef0667') in 0.0041657 seconds [static and dynamic dependencies]. Details - ImportResultOutputID=77dcb47df5b72d50f46d981e5ac6cd49 DependenciesID=4e619f3391e2ebc60613b9d8a539b216 StaticDependenciesID=aeb27b7476aa4481baebd104d61e05ad 
Start importing Packages/com.unity.multiplayer.center/Editor/MultiplayerCenterWindow/UI/Icons/DistributedAuthority.png using Guid(d63245ece6d8f476c8c7ca24da9937f6) (TextureImporter) -> (Import Result ID: '7d9257a358efd7cee660f0b9bbac4c99') in 0.0078266 seconds [static and dynamic dependencies]. Details - ImportResultOutputID=8c5d9e63781ad2f25f0b24ecbb2d97c4 DependenciesID=949c7d5cf204960d822d931524d9d2b0 StaticDependenciesID=18dff9515c8f3efdbfc5dfffa8300a24 
Start importing Packages/com.unity.multiplayer.center/Editor/MultiplayerCenterWindow/UI/Icons/PackageManager.png using Guid(679f9999c6f8f497e806a2d5d0511879) (TextureImporter) -> (Import Result ID: '016a54084435a80161f9ba257e1aa9e4') in 0.0043552 seconds [static and dynamic dependencies]. Details - ImportResultOutputID=0f0f35fd2996f0e5b928c0ae6b00921f DependenciesID=df50f5ebd88a6fd878ead1db9bd108e2 StaticDependenciesID=4870addf3e5412fd68f6c036939aa223 
Start importing Packages/com.unity.multiplayer.center/Editor/MultiplayerCenterWindow/UI/Icons/d_PackageInstalled.png using Guid(77be953cf28de42a4ad8532539fef3f5) (TextureImporter) -> (Import Result ID: 'bafbee6bf4ce1579d9c6fea47ac85132') in 0.0063066 seconds [static and dynamic dependencies]. Details - ImportResultOutputID=524ca765fc7fbbdc4f8754802e98a181 DependenciesID=d6bd91551ab19f604f4b89831b4a73da StaticDependenciesID=5d4140d9aad80cee2c29b42d36407ccd 
Start importing Packages/com.unity.multiplayer.center/Editor/MultiplayerCenterWindow/UI/Icons/ClientHosted@2x.png using Guid(c7a38e6eccbfc49778cb8b77f594a971) (TextureImporter) -> (Import Result ID: '1c35b7096094f2bd83102b86576d2c17') in 0.0071424 seconds [static and dynamic dependencies]. Details - ImportResultOutputID=7a1a2473e9178982c9cfddc56fbb4e43 DependenciesID=c664542b4ab3288c12cf6e380b59b144 StaticDependenciesID=1ca68c8a86c6c64a3c21b5c99741288c 
Start importing Packages/com.unity.multiplayer.center/Editor/MultiplayerCenterWindow/UI/Icons/CustomNetcode@2x.png using Guid(d7711b0cc806d430b8a95f1e33ec3649) (TextureImporter) -> (Import Result ID: 'dfbb36143c025a7799f76bb2ffeab5a6') in 0.0052908 seconds [static and dynamic dependencies]. Details - ImportResultOutputID=69b293c7e8c31303aafb381c4398595c DependenciesID=1dad10504f1438fb0a00a1c6090bfbf4 StaticDependenciesID=4acfe037bcc8cd4668f24277a1d04a34 
Start importing Packages/com.unity.multiplayer.center/Editor/MultiplayerCenterWindow/UI/Icons/DedicatedServer@2x.png using Guid(38b78df4a34c94fa6a52c90239606ff1) (TextureImporter) -> (Import Result ID: '6d8270ac77f96bd75f0fa90dfa86aedf') in 0.0094627 seconds [static and dynamic dependencies]. Details - ImportResultOutputID=fb3cd5ff664054faaaf80889b70fdf06 DependenciesID=c86475d2fd5ecdc0fe9edf7c98e4853c StaticDependenciesID=8c14f81b7b7133ab0d04d03ef1b5f007 
Start importing Packages/com.unity.multiplayer.center/Editor/MultiplayerCenterWindow/UI/Icons/d_Check.png using Guid(29395f0639574c1fbc8b729aa257fb84) (TextureImporter) -> (Import Result ID: '15715af9815366b34a8f70be65ec60b1') in 0.0046296 seconds [static and dynamic dependencies]. Details - ImportResultOutputID=9ef29d687aff4d8849d289e707616f6d DependenciesID=8738d163d67346c0f118ceac1cfa3050 StaticDependenciesID=2b864caa0c51aac7c3bd7a38c99c6f6a 
Start importing Packages/com.unity.multiplayer.center/Editor/MultiplayerCenterWindow/UI/Icons/NGO.png using Guid(99da7b3894f364efdb5fa1443952a55d) (TextureImporter) -> (Import Result ID: '9dd8d6cf80dc80bff0083d95baea085a') in 0.0079911 seconds [static and dynamic dependencies]. Details - ImportResultOutputID=1cf143d1ba362d784b7c8169b936edbb DependenciesID=f98ee13bcef56e44ab5d9ddec170e80a StaticDependenciesID=0fcd37a6c25aa46292a2434965f8c86d 
Start importing Packages/com.unity.multiplayer.center/Editor/MultiplayerCenterWindow/UI/Icons/N4E.png using Guid(e9669051ff70449b5923861e0e0b8838) (TextureImporter) -> (Import Result ID: 'f5ea27616cf38f9dc61dff685c56bf23') in 0.0048059 seconds [static and dynamic dependencies]. Details - ImportResultOutputID=0538e3d0c9195cd1282eea3827388347 DependenciesID=58c2ffb1e93290a71a644908487d4913 StaticDependenciesID=cea62e56b05d642b256e2405c1499022 
Start importing Packages/com.unity.multiplayer.center/Editor/MultiplayerCenterWindow/UI/Icons/EmptyViewIcon@2x.png using Guid(2adffcc506285402aa795dee6f3166d0) (TextureImporter) -> (Import Result ID: '58e2eebbc4bc4e6164442ff65a17fe4f') in 0.0358292 seconds [static and dynamic dependencies]. Details - ImportResultOutputID=2ba93ac703550e5c115f3ffc99ce4346 DependenciesID=8adc39779b6373479efdb958f2fb3a9f StaticDependenciesID=d04b50908cafcc88edd38d388796c3e2 
Start importing Packages/com.unity.multiplayer.center/Editor/MultiplayerCenterWindow/UI/Icons/d_Loading.png using Guid(dab91f148d99946e7b3c3a87ecf4b973) (TextureImporter) -> (Import Result ID: '701ab5c87eec23a99fd053dca7756fde') in 0.0083653 seconds [static and dynamic dependencies]. Details - ImportResultOutputID=11a6d9ae78475a8572823e157499d356 DependenciesID=d9aeb9c8dfbe1798c19a3fb0ec282370 StaticDependenciesID=7dbf8e7cf57deb829212183a9da04147 
Start importing Packages/com.unity.multiplayer.center/Editor/MultiplayerCenterWindow/UI/Icons/d_PackageManager.png using Guid(1b4c88814ec6241eb8e327515399c006) (TextureImporter) -> (Import Result ID: '66c6bc7fa5f3ee8e96243f1aa6fdd167') in 0.0044566 seconds [static and dynamic dependencies]. Details - ImportResultOutputID=a34fc465546a145b18b291bf226f24a2 DependenciesID=36a1e9125156020eb647e947d00a7ddf StaticDependenciesID=f28caadc98ed2c0b71ccbc34d32819d5 
Start importing Packages/com.unity.multiplayer.center/Editor/MultiplayerCenterWindow/UI/Icons/N4E@2x.png using Guid(2cb589d4e01184d928bb698f06e77561) (TextureImporter) -> (Import Result ID: 'b4eba4b8eaee35da72662f3d98dce43b') in 0.0100825 seconds [static and dynamic dependencies]. Details - ImportResultOutputID=34916910fbcb7d1e76328d94b6f2fff2 DependenciesID=64dcd3fb59e3479aad6b100e32b42316 StaticDependenciesID=a765d04e9e82b05be03e2637f5bcd3b2 
Start importing Packages/com.unity.multiplayer.center/Editor/MultiplayerCenterWindow/UI/Icons/CustomNetcode.png using Guid(dce12af736e0a4a1ba35d6424f897dc9) (TextureImporter) -> (Import Result ID: 'ded9317e074789788c5c89865cced95c') in 0.0066018 seconds [static and dynamic dependencies]. Details - ImportResultOutputID=4b82402acddb6a1f4dbc5e608550afb6 DependenciesID=ae350225b8d10851952f3484d5416e7e StaticDependenciesID=35677f16e7b3332c6cd146dcaab658b6 
Start importing Packages/com.unity.multiplayer.center/Editor/MultiplayerCenterWindow/UI/Icons/NoNetcode.png using Guid(1daed49eec0f94f7ebb36dfef6159884) (TextureImporter) -> (Import Result ID: '085eb52bdaf7efb88d5ca8a928f27571') in 0.0069856 seconds [static and dynamic dependencies]. Details - ImportResultOutputID=012f076906a937d65d855717cdfc55c6 DependenciesID=c54286e57a0140fb1eaf12279cab5f7e StaticDependenciesID=4be8330804ef611b5a6c3dc4f88b08b0 
Start importing Packages/com.unity.multiplayer.center/Editor/MultiplayerCenterWindow/UI/Icons/Package.png using Guid(9d9689eab72c8480c90679f4dcf18820) (TextureImporter) -> (Import Result ID: '37d07cb76d7cfa9f0310a686b3d01aa9') in 0.0057575 seconds [static and dynamic dependencies]. Details - ImportResultOutputID=d467acd425169d6f4b9aec24c56ea6a9 DependenciesID=5acdd61c74c792d74e64b7832199c902 StaticDependenciesID=5be89437f4cd5876521f9c878d02e8f0 
Start importing Packages/com.unity.multiplayer.center/Editor/MultiplayerCenterWindow/UI/Icons/CloudCode.png using Guid(ad1d29f4654194951a3c8bf507914d05) (TextureImporter) -> (Import Result ID: '968bc733ab37c20fb1f57177dc7f90b6') in 0.0061165 seconds [static and dynamic dependencies]. Details - ImportResultOutputID=b4b5018f1a44a8c2973616a5edd5baa4 DependenciesID=1c3ec08a6b040ee747a4f83ef7e531c3 StaticDependenciesID=122043709d9581be278cdf3df7b33c6f 
Start importing Packages/com.unity.multiplayer.center/Editor/MultiplayerCenterWindow/UI/Icons/Questionnaire.png using Guid(dd70cd654275d47db807e918055e004f) (TextureImporter) -> (Import Result ID: '527e54dbc9aaec6fdd6b2a3552164ce6') in 0.0074706 seconds [static and dynamic dependencies]. Details - ImportResultOutputID=445d4f33b1d55a2094f22564a77e5832 DependenciesID=502fd103de57306bc3ca704955a43941 StaticDependenciesID=7ca38f1c93a47f1b186a235298a5513f 
Start importing Packages/com.unity.multiplayer.center/Editor/MultiplayerCenterWindow/UI/Icons/DedicatedServer.png using Guid(3fe892784421e47f5aa40c2784a6cb3e) (TextureImporter) -> (Import Result ID: 'a2a1a7c96c05d185f05bfe72d1a07b7c') in 0.0050971 seconds [static and dynamic dependencies]. Details - ImportResultOutputID=2b0b17d2afa3e7cd298bc8323b15f8c4 DependenciesID=42a4d46c8dd708c975eb7315446192eb StaticDependenciesID=d1b55ef5ba343941beaffb46425b1771 
Start importing Packages/com.unity.multiplayer.center/Editor/MultiplayerCenterWindow/UI/Icons/Check.png using Guid(4f78a544322c742b89e63fb68557b1d2) (TextureImporter) -> (Import Result ID: 'f8227ffa4a6c5170f33b4d33249af9b9') in 0.0044534 seconds [static and dynamic dependencies]. Details - ImportResultOutputID=7372ff71794dad6ac95e8ed3c2888d5a DependenciesID=16d4fb7c601b4bb74e3f313ad622717b StaticDependenciesID=764d432f0ca940b69901fc367544ebfd 
Start importing Packages/com.unity.modules.subsystems/package.json using Guid(30b312a167534621b316172253b08723) (PackageManifestImporter) -> (Import Result ID: 'ca19a8dac8bb49674411d9cb54dbd91d') in 0.0065204 seconds [static dependencies only]. Details - ImportResultOutputID=ffbf05441b236e747c921224ae5f1f8e DependenciesID=234289659f498836a64ac907eadfc48f StaticDependenciesID=d9c63109537bbed3348611cd6bf6e374 
Start importing Packages/com.unity.modules.jsonserialize/package.json using Guid(40bf3cec17fa0b49fe04443c8332d638) (PackageManifestImporter) -> (Import Result ID: '657986e187fdf0af775aa4ca065f8eaf') in 0.0040113 seconds [static dependencies only]. Details - ImportResultOutputID=3b4760847b6a0dd381bd5456287e53fa DependenciesID=d57f06b0cd841d9561f59c4972b41443 StaticDependenciesID=0044decf67eadeb9121e8897272faad4 
Start importing Packages/com.unity.multiplayer.center/LICENSE.md using Guid(70554f6c9e4114e1084bb38f9ea400ce) (TextScriptImporter) -> (Import Result ID: 'ea69947407bff9f8af586d72e88ef811') in 0.0036092 seconds [static dependencies only]. Details - ImportResultOutputID=bc6b357d9e818621439f976fd56e47ba DependenciesID=3457dba9974c22f254bcecb136bcd31a StaticDependenciesID=db19cf5c51846489b8f5e8df0f1cd86d 
Start importing Packages/com.unity.modules.screencapture/package.json using Guid(80beef77cb19e713c7c2d481b65ed485) (PackageManifestImporter) -> (Import Result ID: 'aab682994bf7ac00beae82d11c14ed99') in 0.0058943 seconds [static dependencies only]. Details - ImportResultOutputID=9662e30688e415ab218493a6866dc464 DependenciesID=47062f6cf09bbdb7fbb53504ab9281a9 StaticDependenciesID=46f4d48f1347d0d8ea2ecfad53d229ad 
Start importing Packages/com.unity.modules.cloth/package.json using Guid(906c12bc9cd95d3963c6d58f62522c78) (PackageManifestImporter) -> (Import Result ID: '3d1508d6859a1c139a4112da893f1ce3') in 0.0039682 seconds [static dependencies only]. Details - ImportResultOutputID=2091cab7b6820897a5c07309dd34cf28 DependenciesID=6e338f527ed34530b6069edd5791fd6f StaticDependenciesID=509070cc9f1d09125c807b20c7be8b7f 
Start importing Packages/com.unity.modules.unitywebrequesttexture/package.json using Guid(d0e3ad91972c66f5238f5b9b7d5ae58a) (PackageManifestImporter) -> (Import Result ID: '93036ebe0f1a49f07f354b577ef2233a') in 0.003744 seconds [static dependencies only]. Details - ImportResultOutputID=907a9fefa8f7121e194d790b059a1579 DependenciesID=cbbf851b315ec9aa01fe46a376b2f07f StaticDependenciesID=301adafb0ac52f9370b95ebb1752b625 
Start importing Packages/com.unity.modules.ai/package.json using Guid(f0f13f2ab3d6d13cfc6e4656824bfca8) (PackageManifestImporter) -> (Import Result ID: '00b35ddc6c1945b79227942a8fe43acc') in 0.0032368 seconds [static dependencies only]. Details - ImportResultOutputID=f82a4789a114102afa0fb9d641e0594a DependenciesID=1e56b886419817e942957226f9e25610 StaticDependenciesID=a94d16ff78f1a5798eb3319fc62eeac6 
Start importing Packages/com.unity.modules.assetbundle/package.json using Guid(e1ef8466c8fd01a549f10baa4d51fa17) (PackageManifestImporter) -> (Import Result ID: 'ab05797d77764917abf2e86bb3b99ebb') in 0.0062319 seconds [static dependencies only]. Details - ImportResultOutputID=a642ea40cba959118fe36c02d2aed2dd DependenciesID=14df1932e0e0bb7d389eb18f77b86e37 StaticDependenciesID=9f7c1a3c9e3b944a29db1461e1427bb1 
Start importing Packages/com.unity.modules.imgui/package.json using Guid(42fe78c8fe682715a2cb531422e6ccb3) (PackageManifestImporter) -> (Import Result ID: '85521f33d621e308dba2f4cd066e438c') in 0.0040064 seconds [static dependencies only]. Details - ImportResultOutputID=298dd1dddaae29c1f088053fe0846731 DependenciesID=ebf2fbd1709ad9fc0a5dc175ab1332aa StaticDependenciesID=d861cbb383b19eb0e95e634a53653dfc 
Start importing Packages/com.unity.modules.tilemap/package.json using Guid(92a378669877c05c6071d0fed687bb95) (PackageManifestImporter) -> (Import Result ID: '2a568eb7fd1f3535c2627ad8269e7c98') in 0.0038008 seconds [static dependencies only]. Details - ImportResultOutputID=dd5a88775b11ef42b32883c863e3a543 DependenciesID=3116a4ebc1a0e857c849c71a27e342a4 StaticDependenciesID=376a2276ded5fa46d2ea226cdb207c35 
Start importing Packages/com.unity.modules.accessibility/package.json using Guid(43674d438e19b89d7fe6af07234f3252) (PackageManifestImporter) -> (Import Result ID: 'b806b8792a220039557f24148071e751') in 0.0057871 seconds [static dependencies only]. Details - ImportResultOutputID=d637e8a9be21dfd30ec11439a2d03e40 DependenciesID=bb47cf517a9a5177b6589dda04691680 StaticDependenciesID=b847556d11683d6f0bff5afccbe78d4a 
Start importing Packages/com.unity.multiplayer.center/README.md using Guid(c359bcaf4a0bc4040aac650bf14ec619) (TextScriptImporter) -> (Import Result ID: 'ffa0312b0561ac45e17a4c9afdd7c3d4') in 0.0042999 seconds [static dependencies only]. Details - ImportResultOutputID=b4bec8f29c1e073f5095cc4d99a8756a DependenciesID=f12c9dde7d764b0ecf6f0e6937224282 StaticDependenciesID=ab6ee26fb56e14e8a93d8b5c02050795 
Start importing Packages/com.unity.modules.terrainphysics/package.json using Guid(d3cbe921f7b3d9a3257e7c61a5761796) (PackageManifestImporter) -> (Import Result ID: '9e02582610e0132ee9037df8e6fcd139') in 0.0036041 seconds [static dependencies only]. Details - ImportResultOutputID=6b306eeda120ace31e346a6cf79eaad2 DependenciesID=07648b11e39c29def6b035241ded0e9f StaticDependenciesID=422740e2ba9212edd529318491b8bb79 
Start importing Packages/com.unity.modules.unitywebrequestassetbundle/package.json using Guid(05f7f519769978b79b31d063a7fc6fa1) (PackageManifestImporter) -> (Import Result ID: '6167b95681ee3d6c219be00b08fc6084') in 0.0034641 seconds [static dependencies only]. Details - ImportResultOutputID=909e036146cf46949775a162d448d7ed DependenciesID=186e1bd0f9b33773177a94a03202173d StaticDependenciesID=adcf029421c616bb63a2964bc212edf5 
Start importing Packages/com.unity.modules.imageconversion/package.json using Guid(953fab16d15d5885b3600fcd6388b2ad) (PackageManifestImporter) -> (Import Result ID: 'b4ef67106693c0501992ca7e13aed9a3') in 0.0051361 seconds [static dependencies only]. Details - ImportResultOutputID=7aae1e94d7ec6fcc115a271f7127059f DependenciesID=69b1691550f04356af446e134f969064 StaticDependenciesID=8f28933e3efe56b60e46950ad8fcb5f7 
Start importing Packages/com.unity.modules.unityanalytics/package.json using Guid(26a4f29db434fd79025c91f6126382cc) (PackageManifestImporter) -> (Import Result ID: '8dfde02350de1f308ef7bee4515b3cc9') in 0.0036902 seconds [static dependencies only]. Details - ImportResultOutputID=c69f13830b70b71d07627c666d8cdee4 DependenciesID=63a2443a3d7bdbaeb31103cbd19254d8 StaticDependenciesID=86f871fd5465090ea2ed86fe80be53e7 
Start importing Packages/com.unity.modules.video/package.json using Guid(96d14b71b907bb52333b2886e665aba6) (PackageManifestImporter) -> (Import Result ID: 'd11c083442aa56ca5e396c006d158bc6') in 0.0051945 seconds [static dependencies only]. Details - ImportResultOutputID=532c9805563d9472ea5e2e4834208a14 DependenciesID=ef6c76e073c684e530215e568ffc910b StaticDependenciesID=eb1c7363e34c584d98aa64feec09e77e 
Start importing Packages/com.unity.modules.particlesystem/package.json using Guid(87d720faa37005c08600090e04d8c739) (PackageManifestImporter) -> (Import Result ID: 'c0c519dd10f38ba581030949fd14a5e1') in 0.0067688 seconds [static dependencies only]. Details - ImportResultOutputID=ed5bfac10c8479d506323e5554a23472 DependenciesID=63efccafe6a6002910f5fac3c04b50cb StaticDependenciesID=85e577fda78350adbfebc79639556084 
Start importing Packages/com.unity.modules.physics2d/package.json using Guid(f7a8357347c80dc69c08d0b1a05e2122) (PackageManifestImporter) -> (Import Result ID: '0fe455ecf505db8a3e0052e80a37169b') in 0.0039848 seconds [static dependencies only]. Details - ImportResultOutputID=b283093fad013ac907513d007b21fdde DependenciesID=63e94620f7ce2f7b0a12a691c6f2e38a StaticDependenciesID=9134fcc7e33ac692d75933567514f068 
Start importing Packages/com.unity.modules.vr/package.json using Guid(18a4fadfef534684d5af39ca8dc48fe9) (PackageManifestImporter) -> (Import Result ID: '320f59ad3ec5d527800942436bdf4788') in 0.0037529 seconds [static dependencies only]. Details - ImportResultOutputID=8ab251ec2dbfbd483db675d820ecb7ff DependenciesID=b02298f440076fe75399e4571173aa61 StaticDependenciesID=92a7cefd96292608e5912d2623df4640 
Start importing Packages/com.unity.modules.vectorgraphics/package.json using Guid(78e5667e52329c3ceef41288763404ae) (PackageManifestImporter) -> (Import Result ID: '6af00453f6615448d87db3117e8a9a43') in 0.0069565 seconds [static dependencies only]. Details - ImportResultOutputID=3e5b20bbf882012bf693e716c0ad2450 DependenciesID=024541309c18aaeecc2d9a3a5092072f StaticDependenciesID=800fc047d86a8b6ea3a6297a262b3de4 
Start importing Packages/com.unity.modules.wind/package.json using Guid(b83f06ac0c0696e9563230865ca72b81) (PackageManifestImporter) -> (Import Result ID: '14dec3f620f95197e55b2fa1036bd2bc') in 0.0040305 seconds [static dependencies only]. Details - ImportResultOutputID=3431e747b3042d18faa13585799216da DependenciesID=460401f8d82025d7dff0478207d4ae1b StaticDependenciesID=4faba14c42addacd2cc20c505400b0ac 
Start importing Packages/com.unity.multiplayer.center/Third Party Notices.md using Guid(c8f6fa942856442b8bd72594d3ce7363) (TextScriptImporter) -> (Import Result ID: '4ea738ff62498a709a93ffc9cab6c531') in 0.00356 seconds [static dependencies only]. Details - ImportResultOutputID=4f1e56d9dffc37f01aac326185fe9828 DependenciesID=18312dc0031f778ad824ae90206bc5bb StaticDependenciesID=38b8ca222da911dd5444f3db07b264a5 
Start importing Packages/com.unity.modules.umbra/package.json using Guid(d85e5eeaf8f135aeaaebdc8aa3cff6c3) (PackageManifestImporter) -> (Import Result ID: 'a7c5f29581ad6a205a04fd4831e89b82') in 0.0059054 seconds [static dependencies only]. Details - ImportResultOutputID=0d830afc083af54406a25af0a5a685b9 DependenciesID=971338036e630c08304ac297e6f10758 StaticDependenciesID=ee815e859454792af0efa6f89a08ffe2 
Start importing Packages/com.unity.modules.audio/package.json using Guid(e9df95f53f1c1d0c9199e235d6c42b50) (PackageManifestImporter) -> (Import Result ID: 'ab5924f872c9496880efed45a2ace38c') in 0.0037717 seconds [static dependencies only]. Details - ImportResultOutputID=db83459bc72938926e66141b93e3ddc7 DependenciesID=82b594ad0150c3a9066ead5e4e5095c6 StaticDependenciesID=9be8ce995e1b1991e3dccc9aaaa66872 
Start importing Packages/com.unity.modules.physics/package.json using Guid(1a4266815e998967becf686f9c71f0a6) (PackageManifestImporter) -> (Import Result ID: 'd6fb0f8679e5119b4084c9a140d6b167') in 0.0034026 seconds [static dependencies only]. Details - ImportResultOutputID=944a48e57b519766f252512e43c77c1c DependenciesID=bc1f6e8c3277b6a45e35509fb52215a7 StaticDependenciesID=bffa58b5e1de87f54ebc1e8fe486ca9f 
Start importing Packages/com.unity.modules.vehicles/package.json using Guid(6afb166a156df2d20433d981f4bb2832) (PackageManifestImporter) -> (Import Result ID: 'fd551eed40244d37311a485469fa7d02') in 0.0033506 seconds [static dependencies only]. Details - ImportResultOutputID=24d4281e3dad8ce490f26d0084a90bc0 DependenciesID=6216d715b7272a7bd417da334b646c58 StaticDependenciesID=2e3feae07ea10d614629eebd5537ce11 
Start importing Packages/com.unity.modules.unitywebrequestwww/package.json using Guid(fa27413e9edb06a6058d6c894eca0338) (PackageManifestImporter) -> (Import Result ID: '06c79e890fa259867c8e77bba5f4882b') in 0.0057269 seconds [static dependencies only]. Details - ImportResultOutputID=19555eb0f3fc1bc176931f273ac828e6 DependenciesID=5906075ed11e512575e9b2557e4dc7f0 StaticDependenciesID=81432772207e926c4be4cc784e947832 
Start importing Packages/com.unity.multiplayer.center/CHANGELOG.md using Guid(3bbd27b3dd7be4a74aeab8da6b0af5cc) (TextScriptImporter) -> (Import Result ID: '57e8a1ad8aced9ab8517d1fad05138fc') in 0.0036575 seconds [static dependencies only]. Details - ImportResultOutputID=cbdff1c95ecb35dad19f8782c04a3343 DependenciesID=6c696c782fd18c8899a9b5c28eb12658 StaticDependenciesID=7dab07fbb734e7fb051278ccb734dc1a 
Start importing Packages/com.unity.modules.unitywebrequestaudio/package.json using Guid(4b518b37798c97b0f860962cbf615533) (PackageManifestImporter) -> (Import Result ID: '51c349a11d574458d9a203216103d21c') in 0.0062334 seconds [static dependencies only]. Details - ImportResultOutputID=0787ea4635e05590cb0505f4aefee916 DependenciesID=52a23b2ff4a1571d1c5093014784b643 StaticDependenciesID=dc794b2de704649d7029268a5fd6c2ea 
Start importing Packages/com.unity.modules.hierarchycore/package.json using Guid(9b1a5759726ef9d39a0ab82047b615f1) (PackageManifestImporter) -> (Import Result ID: '587c6da07df2f1c98162a90aca77a784') in 0.0065835 seconds [static dependencies only]. Details - ImportResultOutputID=86636b86b4fa319d55ffd5e9733667a8 DependenciesID=e66f03ab362995ae84b9b893924d61e9 StaticDependenciesID=dafd8f134841c4123c97be406be6e12b 
Start importing Packages/com.unity.modules.xr/package.json using Guid(2c814623cb42764d304be0c5ddd03ceb) (PackageManifestImporter) -> (Import Result ID: '38385475f33a6cde89ad9417e0451f79') in 0.004209 seconds [static dependencies only]. Details - ImportResultOutputID=6bba9766fe195c00f33013da97646b1a DependenciesID=423417453c077a229310f839067ff48d StaticDependenciesID=83ec5b57acfb4a265ded050fab1776ce 
Start importing Packages/com.unity.modules.adaptiveperformance/package.json using Guid(4c413a81cadcce7038e446e56570117e) (PackageManifestImporter) -> (Import Result ID: '2cbec0e8a9afb18c259086da062816a1') in 0.0037642 seconds [static dependencies only]. Details - ImportResultOutputID=0bd990b2a17e65cbf71301f68c3c503d DependenciesID=b1452ea800abc6d3be6224a29f3e12a4 StaticDependenciesID=0c4503ab8976db5f6f599861ae104eab 
Start importing Packages/com.unity.modules.director/package.json using Guid(ec02776fe29df900b897106d61977735) (PackageManifestImporter) -> (Import Result ID: 'af02cd91ee881c5af2ad1559e984f92f') in 0.005308 seconds [static dependencies only]. Details - ImportResultOutputID=c384aef3b9a4967056ebd6e208bd7248 DependenciesID=a05c83e3c63bc7cb3e6723366c500a55 StaticDependenciesID=3df865b4220b19f833a54ee658205e7f 
Start importing Packages/com.unity.modules.terrain/package.json using Guid(6d56244f8c39a851975d3c0bd432c66f) (PackageManifestImporter) -> (Import Result ID: 'f283b63ce46d5af4e96606e1b9a79f3a') in 0.004566 seconds [static dependencies only]. Details - ImportResultOutputID=a239cae2ad7a1abb982b7a8a7a8d0018 DependenciesID=162111e1ac58b41df4b6d587a38b4f0f StaticDependenciesID=845d81a54d9b431fed43921996a1842e 
Start importing Packages/com.unity.modules.androidjni/package.json using Guid(bd1af0a6633ee94ae21c7d1d702cdc12) (PackageManifestImporter) -> (Import Result ID: '6881cadb555b6be18ecf7156b2bb302d') in 0.0037424 seconds [static dependencies only]. Details - ImportResultOutputID=ee516e2748c339007fae6e7e5134d733 DependenciesID=24e3a023d4b2d93e07921832125bbf2b StaticDependenciesID=84298a85192cd8bf1992dfda3a5a60b2 
Start importing Packages/com.unity.modules.animation/package.json using Guid(7ef8348b8ea834d7e1bc214b07f7fb87) (PackageManifestImporter) -> (Import Result ID: '25e96018f6e03026c3537361fb65c353') in 0.0036626 seconds [static dependencies only]. Details - ImportResultOutputID=47971f375e3c31a10992a55de29dfdff DependenciesID=759ee9cd65e284a11ea695aeb67e32db StaticDependenciesID=82d49d06d223cab0a6bed00714d13520 
Start importing Packages/com.unity.modules.unitywebrequest/package.json using Guid(3fdd83b151eb8d25c5e2f82fc39dcb04) (PackageManifestImporter) -> (Import Result ID: 'c05a7576f8af6aa9d90debea5a1ad38c') in 0.0057628 seconds [static dependencies only]. Details - ImportResultOutputID=2569b3df382c573e316ba0ded29646c5 DependenciesID=c0f93f7ea99318eaa1ee778b7227902f StaticDependenciesID=23730c1b28f8582d1d7b6f2332e16338 
Start importing Packages/com.unity.modules.uielements/package.json using Guid(4f0f9b9f3ed97ad2b9ba8f1a8e4666c2) (PackageManifestImporter) -> (Import Result ID: '9f7be6d3177af2635fcd2d0ff852800b') in 0.0036467 seconds [static dependencies only]. Details - ImportResultOutputID=36af669293f2a7b074998756af74b4a6 DependenciesID=9023e3a7f38554bec677b493c9582416 StaticDependenciesID=8111aed3450af3178fbaf30271bb5c04 
Start importing Packages/com.unity.modules.ui/package.json using Guid(bfd567a3d1631a761bca9e99fa53d86d) (PackageManifestImporter) -> (Import Result ID: 'ba2af468d1cb3da88424c67e542a0195') in 0.0034982 seconds [static dependencies only]. Details - ImportResultOutputID=4923c2d84d239d00c9ec25e980db93f7 DependenciesID=3121e672707453696de56f80383f14eb StaticDependenciesID=c3f4bff2207d1ddcfdd89c56dcf71f43 
Start importing Packages/com.unity.multiplayer.center/package.json using Guid(df0857f6a11054383be91b1f8e1b5800) (PackageManifestImporter) -> (Import Result ID: '1a2a6162d74f60839ed82cb66dc1a05d') in 0.0043264 seconds [static dependencies only]. Details - ImportResultOutputID=eded0025370a9b40bf4293af2c57ae22 DependenciesID=6ef46cfec709fd712544e8e7bb5bcd7f StaticDependenciesID=1caf09b5b5830c86eafa6d09b9860111 
Start importing Packages/com.unity.multiplayer.center/Editor/MultiplayerCenterWindow/UI/light.uss using Guid(f1ac2efb1bcd4dfd95dc196ed3c11367) (ScriptedImporter) -> (Import Result ID: '65a7aa18c2de914c54a17df7d79f3815') in 0.137658 seconds [static and dynamic dependencies]. Details - ImportResultOutputID=d3f1d12d2a364dfaf95d83010e2622c9 DependenciesID=97d92934764c53f9e43c3016a1a92727 StaticDependenciesID=7788cf742ffc513c627ce9be3febef71 
Start importing Packages/com.unity.multiplayer.center/Editor/MultiplayerCenterWindow/UI/dark.uss using Guid(1984cd07fe96417f9e88f5771f6b4b32) (ScriptedImporter) -> (Import Result ID: 'a8bebf4c3f061a0f76bef745c68eca82') in 0.0199415 seconds [static and dynamic dependencies]. Details - ImportResultOutputID=e4d5d9411d9f44d15c1c898f16f9bcae DependenciesID=ec6a8392b6171b8cd7cc2afb1b824eda StaticDependenciesID=016754adac5ea1a4258b1b29f47df444 
Start importing Packages/com.unity.multiplayer.center/Editor/MultiplayerCenterWindow/UI/MultiplayerCenterWindow.uss using Guid(bac00d6e07f0b4305bb395363c89d92b) (ScriptedImporter) -> (Import Result ID: '505dd2a811e8f6c1a78fa603d5d3a540') in 0.0928094 seconds [static and dynamic dependencies]. Details - ImportResultOutputID=34d1b39f421af74e3b0c098a3ff1a0c6 DependenciesID=ac2bc83bc05f4d8da602957e806450f8 StaticDependenciesID=5bf6773c60e56df16653888a71a01c2f 
Launched and connected shader compiler UnityShaderCompiler.exe after 0.09 seconds
Loading style catalogs (6)
	StyleSheets/Extensions/base/common.uss
	UIPackageResources/StyleSheets/Default/Variables/Public/common.uss
	StyleSheets/Northstar/common.uss
	StyleSheets/Extensions/fonts/inter.uss
	StyleSheets/Extensions/base/dark.uss
	UIPackageResources/StyleSheets/Default/Northstar/Palette/dark.uss
(Values over 0.050ms)
Asset Pipeline Refresh (id=e77a57d132588c247a02c6a6c6647fe4): Total: 47.319 seconds - Initiated by InitialRefreshV2(ForceSynchronousImport)
	Summary:
		Imports: total=193 (actual=193, local cache=0, cache server=0)
		Asset DB Process Time: managed=33 ms, native=2716 ms
		Asset DB Callback time: managed=351 ms, native=4578 ms
		Scripting: domain reloads=1, domain reload time=1094 ms, compile time=38520 ms, other=22 ms
		Project Asset Count: scripts=112, non-scripts=81
		Asset File Changes: new=255, changed=255, moved=0, deleted=0
		Scan Filter Count: 0
	InvokePackagesCallback: 3044.840ms
	ApplyChangesToAssetFolders: 1.986ms
	Scan: 85.056ms
	OnSourceAssetsModified: 2.349ms
	CategorizeScriptCompilationAssets: 0.727ms
	ProcessAssetsWithTransientArtifactChanges: 6.147ms
	CategorizeAssets: 3.857ms
	CompileScripts: 38520.313ms
	ImportOutOfDateAssets: 2464.273ms (1075.845ms without children)
		ImportManagerImport: 1387.090ms (300.428ms without children)
			UpdateCategorizedAssets: 0.970ms
		UnloadImportedAssets: 0.209ms
		ReloadImportedAssets: 0.105ms
		EnsureUptoDateAssetsAreRegisteredWithGuidPM: 0.094ms
		OnDemandSchedulerStart: 1.016ms
	PostProcessAllAssets: 1897.496ms
		VersionControlSettings.HiddenFilePostprocess 3.801ms
		AssemblyValidation.PostprocessAllAssets 3.322ms
		ShaderAssetModifiedCallback 2.500ms
		PostProcessCallbackCreateDeferredMaterials 1.153ms
		ComputeShaderImportPostprocess 0.734ms
		RaytracingShaderImportPostprocess 0.490ms
		LocalizationDatabase.AssetDatabasePostprocessCallback 0.320ms
		SpeedTreeImporter.PostprocessAllAssets 0.279ms
		WindowTitlePostprocess 0.189ms
		BlockShaderImporter.PostprocessAllAssets 0.142ms
		MonoPostProcessAllAssets: 348.038ms
			StyleCatalogPostProcessor.OnPostprocessAllAssets 198.906ms
			SyncVS.PostprocessSyncProject 50.743ms
			AssetPostprocessor.OnPostprocessAllAssets 26.358ms
			WindowAssetPostprocessingWatcher.OnPostprocessAllAssets 18.232ms
			BuilderAssetPostprocessor.OnPostprocessAllAssets 10.738ms
			AssetChangedListener.OnPostprocessAllAssets 7.710ms
			TextAssetPostProcessor.OnPostprocessAllAssets 3.808ms
			RetainedModeAssetPostprocessor.OnPostprocessAllAssets 3.078ms
			SpeedTree9Postprocessor.OnPostprocessAllAssets 2.001ms
			AssetEvents.OnPostprocessAllAssets 1.173ms
			AssetDatabaseCallbacks.OnPostprocessAllAssets 1.103ms
			ArtifactBrowserPostProcessor.OnPostprocessAllAssets 0.922ms
			ReferencedClipsPostProcessor.OnPostprocessAllAssets 0.656ms
			ScenarioDriftAssetsTracker.OnPostprocessAllAssets 0.431ms
			AudioMixerPostprocessor.OnPostprocessAllAssets 0.421ms
			TerrainToolbarOverlayPostProcessor.OnPostprocessAllAssets 0.406ms
			ConfigAssetsTracker.OnPostprocessAllAssets 0.334ms
			SpeedTreePostProcessor.OnPostprocessAllAssets 0.314ms
			RenderPipelineGlobalSettingsPostprocessor.OnPostprocessAllAssets 0.136ms
			AudioContainerPostProcessor.OnPostprocessAllAssets 0.129ms
	PostAssetChangesProfiler: 3.012ms
	UnloadStreamsBegin: 2.744ms
	PersistCurrentRevisions: 0.561ms
	GenerateScriptTypeHashes: 0.222ms
	GenerateScriptTypeSerializationHashes: 0.513ms
	Untracked: 1276.404ms

Application.AssetDatabase Initial Refresh End
Scanning for USB devices : 2.366ms
Initializing Unity extensions:
[MODES] ModeService[none].Initialize
[MODES] ModeService[none].LoadModes
[MODES] Loading mode Default (0) for mode-current-id-GDD
Unloading 3 Unused Serialized files (Serialized files now loaded: 0)
Unloading 76 unused Assets / (0.5 MB). Loaded Objects now: 724.
Memory consumption went from 93.0 MB to 92.4 MB.
Total: 14.081900 ms (FindLiveObjects: 0.170300 ms CreateObjectMapping: 0.014700 ms MarkObjects: 13.076200 ms  DeleteObjects: 0.456800 ms)

Batchmode quit successfully invoked - shutting down!
Curl error 42: Callback aborted
[Physics::Module] Cleanup current backend.
[Physics::Module] Id: 0xf2b8ea05
Input System module state changed to: ShutdownInProgress.
Input Polling Thread exited.
Input System module state changed to: Shutdown.
[Licensing::IpcConnector] LicenseClient-HP-notifications channel disconnected successfully.
[Licensing::IpcConnector] LicenseClient-HP channel disconnected successfully.
AcceleratorClientConnectionCallback - disconnected - :0
Cleanup mono
CodeReloadManager destroyed
Exiting batchmode successfully now!
Exiting without the bug reporter. Application will terminate with return code 0